chromosome,start,end,peaks,peak_count,producer
chr1,1200587,1201809,"HO19_XY,HO30_PG,HO35_XX",3,"XX+XY, PG+XX"
chr1,1357738,1359165,"HO25_XY,HO41_PG,HO52_XX",3,"XX+XY, PG+XX"
chr1,1628790,1632419,"HO37_XY,HO59_PG,HO75_XX",3,"XX+XY, PG+XX"
chr1,2073022,2074353,"HO48_XY,HO96_XX",2,XX+XY
chr1,2229973,2230940,"HO108_XX,HO55_XY,HO85_PG",3,"XX+XY, PG+XX"
chr1,2278690,2279964,"HO113_XX,HO56_XY,HO88_PG",3,"XX+XY, PG+XX"
chr1,2627847,2629817,"HO103_PG,HO139_XX,HO64_XY",3,"XX+XY, PG+XX"
chr1,4654002,4656746,"HO146_PG,HO202_XX,HO83_XY",3,"XX+XY, PG+XX"
chr1,6454234,6456371,"HO174_PG,HO246_XX,HO97_XY",3,"XX+XY, PG+XX"
chr1,9195706,9197427,"HO131_XY,HO218_PS,HO338_XX",3,"XX+XY, PS+XY"
chr1,9371078,9372170,"HO135_XY,HO252_PG,HO353_XX",3,"XX+XY, PG+XX"
chr1,10529812,10531480,"HO153_XY,HO277_PG,HO387_XX",3,"XX+XY, PG+XX"
chr1,10662813,10664606,"HO155_XY,HO280_PG,HO389_XX",3,"XX+XY, PG+XX"
chr1,10888178,10891455,"HO161_XY,HO288_PG,HO400_XX",3,"XX+XY, PG+XX"
chr1,11337418,11338862,"HO167_XY,HO297_PG,HO415_XX",3,"XX+XY, PG+XX"
chr1,11339226,11340303,"HO168_XY,HO298_PG,HO416_XX",3,"XX+XY, PG+XX"
chr1,11690336,11692687,"HO173_XY,HO309_PG,HO428_XX",3,"XX+XY, PG+XX"
chr1,11784396,11785466,"HO175_XY,HO275_PS,HO433_XX",3,"XX+XY, PS+XY"
chr1,12548677,12550444,"HO185_XY,HO335_PG,HO465_XX",3,"XX+XY, PG+XX"
chr1,12594823,12596735,"HO186_XY,HO336_PG,HO467_XX",3,"XX+XY, PG+XX"
chr1,15757175,15759634,"HO204_XY,HO362_PG,HO511_XX",3,"XX+XY, PG+XX"
chr1,16872145,16873768,"HO226_XY,HO398_PG,HO559_XX",3,"XX+XY, PG+XX"
chr1,18383995,18386086,"HO237_XY,HO424_PG,HO596_XX",3,"XX+XY, PG+XX"
chr1,19708357,19709658,"HO247_XY,HO631_XX",2,XX+XY
chr1,20290243,20292064,"HO252_XY,HO460_PG,HO651_XX",3,"XX+XY, PG+XX"
chr1,20342794,20344394,"HO253_XY,HO461_PG,HO652_XX",3,"XX+XY, PG+XX"
chr1,21324090,21325732,"HO268_XY,HO416_PS,HO680_XX",3,"XX+XY, PS+XY"
chr1,21508607,21510422,"HO271_XY,HO487_PG,HO687_XX",3,"XX+XY, PG+XX"
chr1,21618290,21619652,"HO272_XY,HO489_PG,HO693_XX",3,"XX+XY, PG+XX"
chr1,21914064,21915591,"HO277_XY,HO497_PG,HO704_XX",3,"XX+XY, PG+XX"
chr1,22120884,22122048,"HO281_XY,HO503_PG,HO713_XX",3,"XX+XY, PG+XX"
chr1,22262390,22263060,"HO283_XY,HO508_PG,HO720_XX",3,"XX+XY, PG+XX"
chr1,22267341,22268337,"HO284_XY,HO509_PG,HO721_XX",3,"XX+XY, PG+XX"
chr1,22341771,22343241,"HO285_XY,HO512_PG,HO726_XX",3,"XX+XY, PG+XX"
chr1,22349217,22351964,"HO286_XY,HO513_PG,HO727_XX",3,"XX+XY, PG+XX"
chr1,22791691,22793165,"HO290_XY,HO522_PG,HO739_XX",3,"XX+XY, PG+XX"
chr1,26959371,26960892,"HO368_XY,HO636_PG,HO889_XX",3,"XX+XY, PG+XX"
chr1,27070085,27071569,"HO372_XY,HO641_PG,HO895_XX",3,"XX+XY, PG+XX"
chr1,27306719,27308410,"HO377_XY,HO647_PG,HO905_XX",3,"XX+XY, PG+XX"
chr1,27496275,27497611,"HO386_XY,HO656_PG,HO919_XX",3,"XX+XY, PG+XX"
chr1,27599795,27600716,"HO392_XY,HO668_PG,HO935_XX",3,"XX+XY, PG+XX"
chr1,30684795,30686936,"HO1021_XX,HO430_XY,HO729_PG",3,"XX+XY, PG+XX"
chr1,30707618,30708440,"HO1022_XX,HO431_XY,HO730_PG",3,"XX+XY, PG+XX"
chr1,30895349,30896521,"HO1027_XX,HO435_XY,HO640_PS",3,"XX+XY, PS+XY"
chr1,31214487,31216598,"HO1036_XX,HO439_XY,HO739_PG",3,"XX+XY, PG+XX"
chr1,31510810,31511728,"HO1042_XX,HO444_XY,HO745_PG",3,"XX+XY, PG+XX"
chr1,32247884,32248879,"HO1092_XX,HO466_XY,HO778_PG",3,"XX+XY, PG+XX"
chr1,32426366,32427786,"HO1103_XX,HO473_XY,HO787_PG",3,"XX+XY, PG+XX"
chr1,32764848,32766318,"HO1117_XX,HO482_XY,HO799_PG",3,"XX+XY, PG+XX"
chr1,32900346,32901831,"HO1127_XX,HO488_XY,HO806_PG",3,"XX+XY, PG+XX"
chr1,33363441,33364871,"HO1142_XX,HO498_XY,HO819_PG",3,"XX+XY, PG+XX"
chr1,34884852,34886323,"HO1163_XX,HO505_XY,HO829_PG",3,"XX+XY, PG+XX"
chr1,34928733,34930721,"HO1166_XX,HO506_XY,HO831_PG",3,"XX+XY, PG+XX"
chr1,35576617,35578034,"HO1180_XX,HO513_XY",2,XX+XY
chr1,35706978,35709019,"HO1182_XX,HO515_XY,HO842_PG",3,"XX+XY, PG+XX"
chr1,42420147,42422142,"HO1362_XX,HO604_XY,HO975_PG",3,"XX+XY, PG+XX"
chr1,42962530,42963972,"HO1376_XX,HO614_XY,HO986_PG",3,"XX+XY, PG+XX"
chr1,43557676,43559356,"HO1394_XX,HO625_XY,HO999_PG",3,"XX+XY, PG+XX"
chr1,44523676,44525832,"HO1024_PG,HO1422_XX,HO640_XY",3,"XX+XY, PG+XX"
chr1,44661620,44662987,"HO1030_PG,HO1431_XX,HO642_XY",3,"XX+XY, PG+XX"
chr1,47022961,47024867,"HO1088_PG,HO1508_XX,HO681_XY",3,"XX+XY, PG+XX"
chr1,47224506,47226648,"HO1092_PG,HO1513_XX,HO683_XY",3,"XX+XY, PG+XX"
chr1,47592218,47593622,"HO1102_PG,HO1526_XX,HO689_XY",3,"XX+XY, PG+XX"
chr1,47865879,47867793,"HO1533_XX,HO692_XY",2,XX+XY
chr1,50022997,50024604,"HO1114_PG,HO1542_XX,HO696_XY",3,"XX+XY, PG+XX"
chr1,53315798,53317947,"HO1599_XX,HO725_XY",2,XX+XY
chr1,54355651,54357222,"HO1171_PG,HO1633_XX,HO734_XY",3,"XX+XY, PG+XX"
chr1,54498846,54500404,"HO1177_PG,HO1642_XX,HO737_XY",3,"XX+XY, PG+XX"
chr1,54780762,54781880,"HO1649_XX,HO742_XY",2,XX+XY
chr1,58089239,58090861,"HO1204_PG,HO1678_XX,HO750_XY",3,"XX+XY, PG+XX"
chr1,64567539,64568508,"HO1162_PS,HO1759_XX,HO783_XY",3,"XX+XY, PS+XY"
chr1,65791372,65793736,"HO1276_PG,HO1774_XX,HO794_XY",3,"XX+XY, PG+XX"
chr1,68049663,68050893,"HO1292_PG,HO1798_XX,HO802_XY",3,"XX+XY, PG+XX"
chr1,85582027,85584887,"HO1371_PG,HO1900_XX,HO853_XY",3,"XX+XY, PG+XX"
chr1,86773347,86775227,"HO1377_PG,HO1906_XX,HO859_XY",3,"XX+XY, PG+XX"
chr1,87642110,87643325,"HO1915_XX,HO865_XY",2,XX+XY
chr1,89125197,89126425,"HO1265_PS,HO1927_XX,HO870_XY",3,"XX+XY, PS+XY"
chr1,94063045,94064356,"HO1453_PG,HO1996_XX,HO898_XY",3,"XX+XY, PG+XX"
chr1,105632000,105633720,"HO1509_PG,HO2060_XX,HO929_XY",3,"XX+XY, PG+XX"
chr1,110067332,110068517,"HO2121_XX,HO967_XY",2,XX+XY
chr1,110068775,110071138,"HO1561_PG,HO2122_XX,HO968_XY",3,"XX+XY, PG+XX"
chr1,110150141,110151615,"HO2126_XX,HO970_XY",2,XX+XY
chr1,115337134,115338783,"HO1016_XY,HO1636_PG,HO2216_XX",3,"XX+XY, PG+XX"
chr1,118987155,118988469,"HO1035_XY,HO1670_PG,HO2259_XX",3,"XX+XY, PG+XX"
chr1,143735606,143737165,"HO1050_XY,HO1693_PG,HO2293_XX",3,"XX+XY, PG+XX"
chr1,146035332,146036049,"HO1068_XY,HO1717_PG,HO2320_XX",3,"XX+XY, PG+XX"
chr1,151715076,151717465,"HO1135_XY,HO1808_PG,HO2441_XX",3,"XX+XY, PG+XX"
chr1,152188424,152190100,"HO1144_XY,HO1658_PS,HO2461_XX",3,"XX+XY, PS+XY"
chr1,153119087,153120049,"HO1145_XY,HO1824_PG,HO2463_XX",3,"XX+XY, PG+XX"
chr1,155016778,155017868,"HO1189_XY,HO1885_PG,HO2548_XX",3,"XX+XY, PG+XX"
chr1,155320467,155321570,"HO1210_XY,HO1909_PG,HO2576_XX",3,"XX+XY, PG+XX"
chr1,156076390,156077342,"HO1224_XY,HO2596_XX",2,XX+XY
chr1,156103519,156104661,"HO1226_XY,HO1931_PG,HO2600_XX",3,"XX+XY, PG+XX"
chr1,158484687,158485874,"HO1269_XY,HO2691_XX",2,XX+XY
chr1,159171107,159173363,"HO1271_XY,HO1836_PS,HO2697_XX",3,"XX+XY, PS+XY"
chr1,165234896,165236755,"HO1320_XY,HO2080_PG,HO2800_XX",3,"XX+XY, PG+XX"
chr1,165392574,165393656,"HO1322_XY,HO2083_PG,HO2804_XX",3,"XX+XY, PG+XX"
chr1,166920156,166921578,"HO1331_XY,HO2096_PG,HO2818_XX",3,"XX+XY, PG+XX"
chr1,168465780,168467060,"HO1344_XY,HO2117_PG,HO2848_XX",3,"XX+XY, PG+XX"
chr1,168970666,168971985,"HO1346_XY,HO2120_PG,HO2851_XX",3,"XX+XY, PG+XX"
chr1,175572801,175574005,"HO1376_XY,HO2162_PG,HO2907_XX",3,"XX+XY, PG+XX"
chr1,177943744,177945205,"HO1381_XY,HO2172_PG,HO2923_XX",3,"XX+XY, PG+XX"
chr1,182056175,182057465,"HO1410_XY,HO2040_PS,HO2993_XX",3,"XX+XY, PS+XY"
chr1,190477628,190479290,"HO1432_XY,HO2268_PG,HO3054_XX",3,"XX+XY, PG+XX"
chr1,203048177,203049117,"HO1488_XY,HO2362_PG,HO3183_XX",3,"XX+XY, PG+XX"
chr1,203051420,203052876,"HO1489_XY,HO2363_PG,HO3184_XX",3,"XX+XY, PG+XX"
chr1,208100618,208102565,"HO1561_XY,HO2498_PG,HO3358_XX",3,"XX+XY, PG+XX"
chr1,209206927,209208331,"HO1563_XY,HO2506_PG,HO3372_XX",3,"XX+XY, PG+XX"
chr1,209348963,209350597,"HO1564_XY,HO2508_PG,HO3374_XX",3,"XX+XY, PG+XX"
chr1,216722578,216724188,"HO1605_XY,HO2572_PG,HO3466_XX",3,"XX+XY, PG+XX"
chr1,220893776,220895096,"HO1622_XY,HO2597_PG,HO3505_XX",3,"XX+XY, PG+XX"
chr1,224683676,224685674,"HO1644_XY,HO2628_PG,HO3548_XX",3,"XX+XY, PG+XX"
chr1,227912819,227916012,"HO1673_XY,HO3613_XX",2,XX+XY
chr1,228414893,228417728,"HO1685_XY,HO2691_PG,HO3636_XX",3,"XX+XY, PG+XX"
chr1,228445227,228447124,"HO1686_XY,HO2692_PG,HO3637_XX",3,"XX+XY, PG+XX"
chr1,228500057,228501478,"HO1690_XY,HO3641_XX",2,XX+XY
chr1,229209406,229210491,"HO1693_XY,HO3655_XX",2,XX+XY
chr1,230983728,230985997,"HO1705_XY,HO2724_PG,HO3699_XX",3,"XX+XY, PG+XX"
chr1,234960681,234963561,"HO1732_XY,HO2764_PG,HO3756_XX",3,"XX+XY, PG+XX"
chr1,235304151,235305556,"HO1737_XY,HO2774_PG,HO3769_XX",3,"XX+XY, PG+XX"
chr1,240611161,240612622,"HO1755_XY,HO2797_PG,HO3797_XX",3,"XX+XY, PG+XX"
chr10,1736060,1737990,"HO1801_XY,HO2873_PG,HO3913_XX",3,"XX+XY, PG+XX"
chr10,8533373,8535262,"HO1830_XY,HO3984_XX",2,XX+XY
chr10,15450176,15452222,"HO1863_XY,HO2752_PS,HO4060_XX",3,"XX+XY, PS+XY"
chr10,21499825,21500795,"HO1884_XY,HO2780_PS,HO4102_XX",3,"XX+XY, PS+XY"
chr10,23693419,23696034,"HO1904_XY,HO3022_PG,HO4134_XX",3,"XX+XY, PG+XX"
chr10,28839043,28840477,"HO1926_XY,HO3054_PG,HO4180_XX",3,"XX+XY, PG+XX"
chr10,36114586,36115891,"HO1956_XY,HO2887_PS,HO4259_XX",3,"XX+XY, PS+XY"
chr10,36681343,36682598,"HO1957_XY,HO3104_PG,HO4260_XX",3,"XX+XY, PG+XX"
chr10,43076269,43078072,"HO1970_XY,HO3120_PG,HO4285_XX",3,"XX+XY, PG+XX"
chr10,43228765,43230611,"HO1973_XY,HO3124_PG,HO4290_XX",3,"XX+XY, PG+XX"
chr10,49608861,49610823,"HO2012_XY,HO3196_PG,HO4389_XX",3,"XX+XY, PG+XX"
chr10,52313035,52315294,"HO2022_XY,HO3210_PG,HO4405_XX",3,"XX+XY, PG+XX"
chr10,59175680,59177672,"HO2031_XY,HO3222_PG,HO4424_XX",3,"XX+XY, PG+XX"
chr10,61611688,61613467,"HO2041_XY,HO3238_PG,HO4440_XX",3,"XX+XY, PG+XX"
chr10,69729089,69730940,"HO2078_XY,HO4513_XX",2,XX+XY
chr10,69917939,69918919,"HO2081_XY,HO3063_PS,HO4523_XX",3,"XX+XY, PS+XY"
chr10,70254780,70256462,"HO2087_XY,HO3069_PS,HO4529_XX",3,"XX+XY, PS+XY"
chr10,70932076,70932892,"HO2097_XY,HO3320_PG,HO4554_XX",3,"XX+XY, PG+XX"
chr10,71637894,71639612,"HO2104_XY,HO3338_PG,HO4581_XX",3,"XX+XY, PG+XX"
chr10,75395155,75397317,"HO2149_XY,HO3408_PG,HO4673_XX",3,"XX+XY, PG+XX"
chr10,75404550,75405571,"HO2151_XY,HO3411_PG,HO4676_XX",3,"XX+XY, PG+XX"
chr10,78289253,78290741,"HO2161_XY,HO3436_PG,HO4708_XX",3,"XX+XY, PG+XX"
chr10,78470614,78472848,"HO2164_XY,HO3202_PS,HO4714_XX",3,"XX+XY, PS+XY"
chr10,79228941,79230872,"HO2170_XY,HO3457_PG,HO4751_XX",3,"XX+XY, PG+XX"
chr10,86867833,86868852,"HO2194_XY,HO4815_XX",2,XX+XY
chr10,93445210,93446347,"HO2232_XY,HO3548_PG,HO4886_XX",3,"XX+XY, PG+XX"
chr10,97095476,97097462,"HO2254_XY,HO3580_PG,HO4926_XX",3,"XX+XY, PG+XX"
chr10,100350406,100351466,"HO2289_XY,HO3397_PS,HO4987_XX",3,"XX+XY, PS+XY"
chr10,100653558,100656872,"HO2296_XY,HO3631_PG,HO4997_XX",3,"XX+XY, PG+XX"
chr10,100745000,100746359,"HO2298_XY,HO3636_PG,HO5004_XX",3,"XX+XY, PG+XX"
chr10,101310247,101311796,"HO2311_XY,HO3661_PG,HO5042_XX",3,"XX+XY, PG+XX"
chr10,101616460,101618355,"HO2315_XY,HO3438_PS,HO5048_XX",3,"XX+XY, PS+XY"
chr10,102409884,102411110,"HO2335_XY,HO3686_PG,HO5076_XX",3,"XX+XY, PG+XX"
chr10,102758195,102759157,"HO2349_XY,HO3709_PG,HO5103_XX",3,"XX+XY, PG+XX"
chr10,103507381,103508211,"HO2361_XY,HO3725_PG,HO5124_XX",3,"XX+XY, PG+XX"
chr10,107914097,107915689,"HO2380_XY,HO3756_PG,HO5166_XX",3,"XX+XY, PG+XX"
chr10,109456035,109457556,"HO2382_XY,HO3760_PG,HO5174_XX",3,"XX+XY, PG+XX"
chr10,109474038,109475275,"HO2383_XY,HO3761_PG,HO5175_XX",3,"XX+XY, PG+XX"
chr10,117133955,117135110,"HO2420_XY,HO5274_XX",2,XX+XY
chr10,117240513,117242058,"HO2424_XY,HO3833_PG,HO5281_XX",3,"XX+XY, PG+XX"
chr10,117496321,117497684,"HO2426_XY,HO3837_PG,HO5287_XX",3,"XX+XY, PG+XX"
chr10,117534346,117535699,"HO2427_XY,HO3841_PG,HO5290_XX",3,"XX+XY, PG+XX"
chr10,117537071,117538010,"HO2428_XY,HO3842_PG,HO5291_XX",3,"XX+XY, PG+XX"
chr10,117541047,117541581,"HO2429_XY,HO3843_PG,HO5292_XX",3,"XX+XY, PG+XX"
chr10,117541733,117542964,"HO2430_XY,HO3844_PG,HO5293_XX",3,"XX+XY, PG+XX"
chr10,117543111,117544272,"HO2431_XY,HO3845_PG,HO5294_XX",3,"XX+XY, PG+XX"
chr10,117551275,117552666,"HO2432_XY,HO3847_PG,HO5296_XX",3,"XX+XY, PG+XX"
chr10,117552800,117555133,"HO2433_XY,HO3848_PG,HO5297_XX",3,"XX+XY, PG+XX"
chr10,119364270,119366514,"HO2444_XY,HO3878_PG,HO5344_XX",3,"XX+XY, PG+XX"
chr10,120977679,120980760,"HO2457_XY,HO3891_PG,HO5364_XX",3,"XX+XY, PG+XX"
chr10,124717626,124718903,"HO2476_XY,HO3651_PS,HO5432_XX",3,"XX+XY, PS+XY"
chr10,128539721,128542377,"HO2494_XY,HO3958_PG,HO5472_XX",3,"XX+XY, PG+XX"
chr10,129897962,129899668,"HO2496_XY,HO5478_XX",2,XX+XY
chr10,129968696,129969246,"HO2498_XY,HO5481_XX",2,XX+XY
chr10,131748621,131750853,"HO2505_XY,HO5504_XX",2,XX+XY
chr10,132443623,132444628,"HO2515_XY,HO3989_PG,HO5529_XX",3,"XX+XY, PG+XX"
chr10,132961601,132962762,"HO2520_XY,HO4001_PG,HO5559_XX",3,"XX+XY, PG+XX"
chr10,133274710,133277396,"HO2530_XY,HO4016_PG,HO5584_XX",3,"XX+XY, PG+XX"
chr11,783136,784070,"HO2563_XY,HO4062_PG,HO5640_XX",3,"XX+XY, PG+XX"
chr11,849101,850983,"HO2573_XY,HO4074_PG,HO5655_XX",3,"XX+XY, PG+XX"
chr11,995384,996695,"HO2576_XY,HO4078_PG,HO5662_XX",3,"XX+XY, PG+XX"
chr11,1564256,1565469,"HO2582_XY,HO4092_PG,HO5691_XX",3,"XX+XY, PG+XX"
chr11,2136986,2140139,"HO2589_XY,HO2590_XY,HO4107_PG,HO5720_XX",4,"XX+XY, PG+XX"
chr11,2408451,2410585,"HO2595_XY,HO4117_PG,HO5738_XX",3,"XX+XY, PG+XX"
chr11,2836581,2837644,"HO2600_XY,HO5756_XX",2,XX+XY
chr11,2868126,2870231,"HO2601_XY,HO5759_XX",2,XX+XY
chr11,8282472,8284497,"HO2646_XY,HO4192_PG,HO5846_XX",3,"XX+XY, PG+XX"
chr11,20363267,20364816,"HO2728_XY,HO4037_PS,HO6042_XX",3,"XX+XY, PS+XY"
chr11,27718037,27719662,"HO2744_XY,HO4357_PG,HO6070_XX",3,"XX+XY, PG+XX"
chr11,32562483,32564086,"HO2760_XY,HO4384_PG,HO6105_XX",3,"XX+XY, PG+XX"
chr11,35524951,35526815,"HO2779_XY,HO4408_PG,HO6141_XX",3,"XX+XY, PG+XX"
chr11,44893083,44894800,"HO2803_XY,HO4458_PG,HO6203_XX",3,"XX+XY, PG+XX"
chr11,45208818,45210771,"HO2807_XY,HO4463_PG,HO6214_XX",3,"XX+XY, PG+XX"
chr11,45285123,45286730,"HO2808_XY,HO4464_PG,HO6215_XX",3,"XX+XY, PG+XX"
chr11,45370900,45372077,"HO2811_XY,HO4467_PG,HO6218_XX",3,"XX+XY, PG+XX"
chr11,46280966,46281900,"HO2826_XY,HO4488_PG,HO6248_XX",3,"XX+XY, PG+XX"
chr11,46289919,46291197,"HO2827_XY,HO4489_PG,HO6249_XX",3,"XX+XY, PG+XX"
chr11,46369161,46369944,"HO2832_XY,HO6258_XX",2,XX+XY
chr11,46379350,46379936,"HO2833_XY,HO6259_XX",2,XX+XY
chr11,46916322,46919130,"HO2842_XY,HO2843_XY,HO4505_PG,HO6275_XX",4,"XX+XY, PG+XX"
chr11,47257165,47258318,"HO2849_XY,HO4514_PG,HO6287_XX",3,"XX+XY, PG+XX"
chr11,57241658,57242917,"HO2865_XY,HO6322_XX",2,XX+XY
chr11,57310510,57311911,"HO2866_XY,HO4542_PG,HO6325_XX",3,"XX+XY, PG+XX"
chr11,57597216,57599755,"HO2876_XY,HO4555_PG,HO6341_XX",3,"XX+XY, PG+XX"
chr11,60851894,60853615,"HO2901_XY,HO6389_XX",2,XX+XY
chr11,61554538,61556110,"HO2917_XY,HO4609_PG,HO6417_XX",3,"XX+XY, PG+XX"
chr11,61761995,61763255,"HO2926_XY,HO6439_XX",2,XX+XY
chr11,61954661,61956215,"HO2936_XY,HO4640_PG,HO6457_XX",3,"XX+XY, PG+XX"
chr11,62561399,62562617,"HO2944_XY,HO4660_PG,HO6484_XX",3,"XX+XY, PG+XX"
chr11,63761713,63764466,"HO2974_XY,HO4694_PG,HO6528_XX",3,"XX+XY, PG+XX"
chr11,64021009,64022829,"HO2987_XY,HO4708_PG,HO6548_XX",3,"XX+XY, PG+XX"
chr11,64027480,64029385,"HO2988_XY,HO4709_PG,HO6549_XX",3,"XX+XY, PG+XX"
chr11,64414741,64415919,"HO3010_XY,HO4740_PG,HO6589_XX",3,"XX+XY, PG+XX"
chr11,64553325,64555910,"HO3012_XY,HO4742_PG,HO6592_XX",3,"XX+XY, PG+XX"
chr11,64637281,64638609,"HO3015_XY,HO4746_PG,HO6596_XX",3,"XX+XY, PG+XX"
chr11,64642398,64644155,"HO3016_XY,HO4747_PG,HO6597_XX",3,"XX+XY, PG+XX"
chr11,64652711,64653597,"HO3017_XY,HO4748_PG,HO6600_XX",3,"XX+XY, PG+XX"
chr11,64862807,64864986,"HO3027_XY,HO4762_PG,HO6614_XX",3,"XX+XY, PG+XX"
chr11,65591785,65592744,"HO3065_XY,HO4813_PG,HO6679_XX",3,"XX+XY, PG+XX"
chr11,66316676,66318641,"HO3096_XY,HO4852_PG,HO6727_XX",3,"XX+XY, PG+XX"
chr11,69012156,69014938,"HO3160_XY,HO4929_PG,HO6847_XX",3,"XX+XY, PG+XX"
chr11,69773965,69775857,"HO3166_XY,HO6876_XX",2,XX+XY
chr11,69867619,69868999,"HO3167_XY,HO4946_PG,HO6879_XX",3,"XX+XY, PG+XX"
chr11,69939019,69940507,"HO3168_XY,HO4947_PG,HO6882_XX",3,"XX+XY, PG+XX"
chr11,69983777,69987276,"HO3169_XY,HO6884_XX",2,XX+XY
chr11,70825943,70827727,"HO3173_XY,HO4634_PS,HO6904_XX",3,"XX+XY, PS+XY"
chr11,75563862,75564422,"HO3224_XY,HO5037_PG,HO7022_XX",3,"XX+XY, PG+XX"
chr11,77147411,77148564,"HO3243_XY,HO5070_PG,HO7073_XX",3,"XX+XY, PG+XX"
chr11,77191367,77192475,"HO3244_XY,HO5071_PG,HO7075_XX",3,"XX+XY, PG+XX"
chr11,78022037,78023643,"HO3251_XY,HO5079_PG,HO7086_XX",3,"XX+XY, PG+XX"
chr11,78961171,78962776,"HO3257_XY,HO5089_PG,HO7100_XX",3,"XX+XY, PG+XX"
chr11,90234441,90235972,"HO3287_XY,HO5132_PG,HO7164_XX",3,"XX+XY, PG+XX"
chr11,96815386,96817806,"HO3315_XY,HO5176_PG,HO7217_XX",3,"XX+XY, PG+XX"
chr11,102287520,102290056,"HO3323_XY,HO5190_PG,HO7234_XX",3,"XX+XY, PG+XX"
chr11,107833239,107834435,"HO3337_XY,HO5207_PG,HO7253_XX",3,"XX+XY, PG+XX"
chr11,112249770,112250989,"HO3368_XY,HO5250_PG,HO7310_XX",3,"XX+XY, PG+XX"
chr11,112776754,112779199,"HO3370_XY,HO4920_PS,HO7317_XX",3,"XX+XY, PS+XY"
chr11,116357337,116358568,"HO3385_XY,HO5289_PG,HO7363_XX",3,"XX+XY, PG+XX"
chr11,117299015,117301215,"HO3394_XY,HO5306_PG,HO7385_XX",3,"XX+XY, PG+XX"
chr11,117816043,117818445,"HO3399_XY,HO5315_PG,HO7396_XX",3,"XX+XY, PG+XX"
chr11,117884947,117886404,"HO3402_XY,HO5321_PG,HO7403_XX",3,"XX+XY, PG+XX"
chr11,118174735,118176785,"HO3406_XY,HO5328_PG,HO7415_XX",3,"XX+XY, PG+XX"
chr11,118908864,118911444,"HO3421_XY,HO5349_PG,HO7443_XX",3,"XX+XY, PG+XX"
chr11,119337657,119338604,"HO3440_XY,HO7474_XX",2,XX+XY
chr11,119421403,119423815,"HO3445_XY,HO5378_PG,HO7483_XX",3,"XX+XY, PG+XX"
chr11,119583995,119585690,"HO3446_XY,HO5380_PG,HO7489_XX",3,"XX+XY, PG+XX"
chr11,119683730,119685618,"HO3447_XY,HO5383_PG,HO7494_XX",3,"XX+XY, PG+XX"
chr11,119862878,119864646,"HO3450_XY,HO5388_PG,HO7499_XX",3,"XX+XY, PG+XX"
chr11,120192497,120193595,"HO3452_XY,HO7508_XX",2,XX+XY
chr11,123821935,123823361,"HO3481_XY,HO5442_PG,HO7585_XX",3,"XX+XY, PG+XX"
chr11,124075210,124076850,"HO3482_XY,HO5086_PS,HO7588_XX",3,"XX+XY, PS+XY"
chr11,125370510,125372059,"HO3496_XY,HO5473_PG,HO7624_XX",3,"XX+XY, PG+XX"
chr11,126127333,126128479,"HO3505_XY,HO5499_PG,HO7656_XX",3,"XX+XY, PG+XX"
chr11,126162608,126163776,"HO3506_XY,HO5501_PG,HO7660_XX",3,"XX+XY, PG+XX"
chr11,128548394,128549660,"HO3517_XY,HO5520_PG,HO7691_XX",3,"XX+XY, PG+XX"
chr11,131185911,131187503,"HO3534_XY,HO5173_PS,HO7746_XX",3,"XX+XY, PS+XY"
chr11,131910177,131911865,"HO3535_XY,HO5554_PG,HO7760_XX",3,"XX+XY, PG+XX"
chr11,132558942,132559994,"HO3536_XY,HO5555_PG,HO7764_XX",3,"XX+XY, PG+XX"
chr11,132595239,132596674,"HO3537_XY,HO7765_XX",2,XX+XY
chr11,132942655,132944884,"HO3538_XY,HO5556_PG,HO7767_XX",3,"XX+XY, PG+XX"
chr11,134124523,134125862,"HO3547_XY,HO5189_PS,HO7782_XX",3,"XX+XY, PS+XY"
chr11,134411263,134413141,"HO3552_XY,HO5570_PG,HO7789_XX",3,"XX+XY, PG+XX"
chr12,262500,263924,"HO3556_XY,HO7809_XX",2,XX+XY
chr12,2690658,2692228,"HO3578_XY,HO5606_PG,HO7856_XX",3,"XX+XY, PG+XX"
chr12,3106535,3107714,"HO3587_XY,HO5620_PG,HO7874_XX",3,"XX+XY, PG+XX"
chr12,4908581,4911490,"HO3607_XY,HO5654_PG,HO7923_XX",3,"XX+XY, PG+XX"
chr12,5042901,5044569,"HO3608_XY,HO5655_PG,HO7925_XX",3,"XX+XY, PG+XX"
chr12,5431748,5434190,"HO3609_XY,HO5656_PG,HO7927_XX",3,"XX+XY, PG+XX"
chr12,6539961,6541066,"HO3622_XY,HO5678_PG,HO7957_XX",3,"XX+XY, PG+XX"
chr12,6619968,6621136,"HO3628_XY,HO5304_PS,HO7967_XX",3,"XX+XY, PS+XY"
chr12,6646649,6647627,"HO3629_XY,HO5686_PG,HO7969_XX",3,"XX+XY, PG+XX"
chr12,6820978,6822487,"HO3638_XY,HO5695_PG,HO7982_XX",3,"XX+XY, PG+XX"
chr12,10009606,10011161,"HO3678_XY,HO5368_PS,HO8041_XX",3,"XX+XY, PS+XY"
chr12,24901852,24903995,"HO3731_XY,HO5827_PG,HO8147_XX",3,"XX+XY, PG+XX"
chr12,45268194,45269503,"HO3800_XY,HO5930_PG,HO8274_XX",3,"XX+XY, PG+XX"
chr12,47941339,47943264,"HO3817_XY,HO8318_XX",2,XX+XY
chr12,49089762,49090601,"HO3848_XY,HO6002_PG,HO8363_XX",3,"XX+XY, PG+XX"
chr12,50050146,50051765,"HO3875_XY,HO6036_PG,HO8411_XX",3,"XX+XY, PG+XX"
chr12,51863310,51865235,"HO3903_XY,HO6069_PG,HO8449_XX",3,"XX+XY, PG+XX"
chr12,52009988,52010862,"HO3907_XY,HO6074_PG,HO8455_XX",3,"XX+XY, PG+XX"
chr12,52895067,52897633,"HO3919_XY,HO6106_PG,HO8502_XX,HO8503_XX",4,"XX+XY, PG+XX"
chr12,53938065,53939971,"HO3950_XY,HO6153_PG,HO8564_XX",3,"XX+XY, PG+XX"
chr12,53999389,54000918,"HO3952_XY,HO6158_PG,HO8569_XX",3,"XX+XY, PG+XX"
chr12,54008672,54009747,"HO3953_XY,HO6160_PG,HO8571_XX",3,"XX+XY, PG+XX"
chr12,54032400,54034235,"HO3955_XY,HO6162_PG,HO8576_XX",3,"XX+XY, PG+XX"
chr12,54051851,54054696,"HO3956_XY,HO6164_PG,HO8578_XX",3,"XX+XY, PG+XX"
chr12,54080899,54082926,"HO3957_XY,HO6165_PG,HO8579_XX",3,"XX+XY, PG+XX"
chr12,54125666,54127581,"HO3958_XY,HO6166_PG,HO8582_XX",3,"XX+XY, PG+XX"
chr12,54158795,54159884,"HO3959_XY,HO6167_PG,HO8584_XX",3,"XX+XY, PG+XX"
chr12,54351287,54352667,"HO3966_XY,HO6181_PG,HO8607_XX",3,"XX+XY, PG+XX"
chr12,54390249,54391687,"HO3970_XY,HO6187_PG,HO8614_XX",3,"XX+XY, PG+XX"
chr12,54417758,54419907,"HO3971_XY,HO6188_PG,HO8615_XX",3,"XX+XY, PG+XX"
chr12,57234721,57235603,"HO4028_XY,HO6266_PG,HO8705_XX",3,"XX+XY, PG+XX"
chr12,65728718,65729788,"HO4079_XY,HO8788_XX",2,XX+XY
chr12,65925225,65927162,"HO4082_XY,HO6338_PG,HO8796_XX",3,"XX+XY, PG+XX"
chr12,71157158,71159050,"HO4104_XY,HO8846_XX",2,XX+XY
chr12,89946823,89948972,"HO4139_XY,HO6425_PG,HO8915_XX",3,"XX+XY, PG+XX"
chr12,109736410,109737085,"HO4235_XY,HO6575_PG,HO9135_XX",3,"XX+XY, PG+XX"
chr12,110688341,110690209,"HO4249_XY,HO6599_PG,HO9161_XX",3,"XX+XY, PG+XX"
chr12,110846339,110847327,"HO4251_XY,HO6153_PS,HO9164_XX",3,"XX+XY, PS+XY"
chr12,111180054,111181721,"HO4253_XY,HO6603_PG,HO9171_XX",3,"XX+XY, PG+XX"
chr12,113056374,113058083,"HO4267_XY,HO6624_PG,HO9203_XX",3,"XX+XY, PG+XX"
chr12,113161188,113162620,"HO4271_XY,HO6629_PG,HO9210_XX",3,"XX+XY, PG+XX"
chr12,116455007,116456776,"HO4283_XY,HO6650_PG,HO9241_XX",3,"XX+XY, PG+XX"
chr12,116507861,116509128,"HO4284_XY,HO6652_PG,HO9243_XX",3,"XX+XY, PG+XX"
chr12,117111371,117112546,"HO4291_XY,HO6673_PG,HO9271_XX",3,"XX+XY, PG+XX"
chr12,119178337,119179978,"HO4302_XY,HO6235_PS,HO9293_XX",3,"XX+XY, PS+XY"
chr12,121748167,121749401,"HO4345_XY,HO6750_PG,HO9367_XX",3,"XX+XY, PG+XX"
chr12,121893819,121895099,"HO4353_XY,HO6760_PG,HO9379_XX",3,"XX+XY, PG+XX"
chr12,121917952,121918973,"HO4354_XY,HO6307_PS,HO9380_XX",3,"XX+XY, PS+XY"
chr12,124294216,124296799,"HO4390_XY,HO6808_PG,HO9439_XX",3,"XX+XY, PG+XX"
chr12,124401341,124402795,"HO4392_XY,HO6815_PG,HO9448_XX",3,"XX+XY, PG+XX"
chr12,124426713,124429273,"HO4394_XY,HO6818_PG,HO9451_XX",3,"XX+XY, PG+XX"
chr12,124921194,124922375,"HO4406_XY,HO9487_XX",2,XX+XY
chr12,125982864,125984832,"HO4414_XY,HO6852_PG,HO9499_XX",3,"XX+XY, PG+XX"
chr12,128266096,128270163,"HO4417_XY,HO6855_PG,HO9509_XX",3,"XX+XY, PG+XX"
chr12,128336768,128340282,"HO4418_XY,HO6858_PG,HO9512_XX",3,"XX+XY, PG+XX"
chr12,130160721,130164149,"HO4421_XY,HO6865_PG,HO9525_XX",3,"XX+XY, PG+XX"
chr12,130713591,130717096,"HO4422_XY,HO6866_PG,HO9527_XX",3,"XX+XY, PG+XX"
chr12,132203973,132206385,"HO4439_XY,HO6890_PG,HO9562_XX",3,"XX+XY, PG+XX"
chr12,132444815,132446895,"HO4442_XY,HO6898_PG,HO9574_XX",3,"XX+XY, PG+XX"
chr12,132450193,132451568,"HO4443_XY,HO6899_PG,HO9575_XX",3,"XX+XY, PG+XX"
chr12,132581819,132583988,"HO4447_XY,HO6905_PG,HO9581_XX",3,"XX+XY, PG+XX"
chr13,21074454,21076494,"HO4477_XY,HO6942_PG,HO9625_XX",3,"XX+XY, PG+XX"
chr13,23569716,23571305,"HO4493_XY,HO6961_PG,HO9648_XX",3,"XX+XY, PG+XX"
chr13,24083052,24084452,"HO4497_XY,HO9661_XX",2,XX+XY
chr13,24680029,24681469,"HO4501_XY,HO6975_PG,HO9671_XX",3,"XX+XY, PG+XX"
chr13,25046532,25047675,"HO4505_XY,HO6979_PG,HO9676_XX",3,"XX+XY, PG+XX"
chr13,31207531,31210329,"HO4545_XY,HO6589_PS,HO9758_XX",3,"XX+XY, PS+XY"
chr13,32849494,32851764,"HO4552_XY,HO7046_PG,HO9771_XX",3,"XX+XY, PG+XX"
chr13,35470476,35471861,"HO4559_XY,HO7059_PG,HO9783_XX",3,"XX+XY, PG+XX"
chr13,49371533,49372580,"HO4624_XY,HO7153_PG,HO9902_XX",3,"XX+XY, PG+XX"
chr13,52405247,52406570,"HO4643_XY,HO7185_PG,HO9945_XX",3,"XX+XY, PG+XX"
chr13,52738563,52740243,"HO4649_XY,HO9951_XX",2,XX+XY
chr13,70107212,70108928,"HO4660_XY,HO7210_PG,HO9984_XX",3,"XX+XY, PG+XX"
chr13,94967351,94968976,"HO10061_XX,HO4695_XY,HO7274_PG",3,"XX+XY, PG+XX"
chr13,95552023,95553882,"HO10066_XX,HO4698_XY,HO7278_PG",3,"XX+XY, PG+XX"
chr13,95641261,95642329,"HO10067_XX,HO4699_XY,HO7279_PG",3,"XX+XY, PG+XX"
chr13,99413244,99414529,"HO10113_XX,HO4714_XY,HO6826_PS",3,"XX+XY, PS+XY"
chr13,99955457,99957658,"HO10125_XX,HO4718_XY,HO7314_PG",3,"XX+XY, PG+XX"
chr13,104015075,104016757,"HO10146_XX,HO4730_XY,HO7332_PG",3,"XX+XY, PG+XX"
chr13,111892775,111894470,"HO10208_XX,HO4751_XY,HO7376_PG",3,"XX+XY, PG+XX"
chr13,112066096,112067396,"HO10210_XX,HO4752_XY,HO7377_PG",3,"XX+XY, PG+XX"
chr13,112072043,112073973,"HO10211_XX,HO4753_XY,HO7378_PG",3,"XX+XY, PG+XX"
chr13,113000647,113002498,"HO10239_XX,HO4762_XY,HO7393_PG",3,"XX+XY, PG+XX"
chr13,113121964,113123463,"HO10243_XX,HO4763_XY,HO7395_PG",3,"XX+XY, PG+XX"
chr13,113483103,113484941,"HO10251_XX,HO4768_XY,HO6904_PS",3,"XX+XY, PS+XY"
chr13,113907468,113908675,"HO10267_XX,HO4776_XY,HO7413_PG",3,"XX+XY, PG+XX"
chr13,114064136,114065851,"HO10274_XX,HO4777_XY,HO7418_PG",3,"XX+XY, PG+XX"
chr14,20630290,20631313,"HO10293_XX,HO4791_XY,HO7434_PG",3,"XX+XY, PG+XX"
chr14,21535653,21537355,"HO10326_XX,HO4808_XY,HO7459_PG",3,"XX+XY, PG+XX"
chr14,22821171,22823427,"HO10339_XX,HO4814_XY,HO7468_PG",3,"XX+XY, PG+XX"
chr14,22847622,22849885,"HO10343_XX,HO4817_XY,HO7471_PG",3,"XX+XY, PG+XX"
chr14,28765270,28768544,"HO10448_XX,HO4881_XY,HO7555_PG",3,"XX+XY, PG+XX"
chr14,28773775,28775079,"HO10449_XX,HO4882_XY,HO7556_PG",3,"XX+XY, PG+XX"
chr14,37621986,37623017,"HO10519_XX,HO4920_XY",2,XX+XY
chr14,38254593,38256739,"HO10523_XX,HO4922_XY,HO7099_PS",3,"XX+XY, PS+XY"
chr14,49959678,49960725,"HO10560_XX,HO4949_XY,HO7642_PG",3,"XX+XY, PG+XX"
chr14,53955672,53957084,"HO10614_XX,HO4976_XY,HO7680_PG",3,"XX+XY, PG+XX"
chr14,60485087,60486280,"HO10699_XX,HO5017_XY,HO7749_PG",3,"XX+XY, PG+XX"
chr14,67426033,67427617,"HO10784_XX,HO5055_XY,HO7288_PS",3,"XX+XY, PS+XY"
chr14,68500748,68503618,"HO10808_XX,HO5066_XY",2,XX+XY
chr14,68562883,68565611,"HO10811_XX,HO5067_XY,HO7826_PG",3,"XX+XY, PG+XX"
chr14,68785986,68787628,"HO10820_XX,HO5069_XY,HO7834_PG",3,"XX+XY, PG+XX"
chr14,69547466,69548431,"HO10837_XX,HO5081_XY,HO7848_PG",3,"XX+XY, PG+XX"
chr14,73771327,73772661,"HO10909_XX,HO5118_XY,HO7910_PG",3,"XX+XY, PG+XX"
chr14,76999995,77001215,"HO11005_XX,HO5162_XY,HO7981_PG",3,"XX+XY, PG+XX"
chr14,77965588,77966574,"HO11041_XX,HO5179_XY,HO8009_PG",3,"XX+XY, PG+XX"
chr14,77980503,77981608,"HO11042_XX,HO5180_XY,HO8010_PG",3,"XX+XY, PG+XX"
chr14,85531094,85532376,"HO11061_XX,HO5189_XY,HO8023_PG",3,"XX+XY, PG+XX"
chr14,89399231,89400160,"HO11089_XX,HO5201_XY,HO8046_PG",3,"XX+XY, PG+XX"
chr14,95875690,95877433,"HO11201_XX,HO5249_XY,HO8126_PG",3,"XX+XY, PG+XX"
chr14,96592307,96593357,"HO11209_XX,HO5255_XY,HO8134_PG",3,"XX+XY, PG+XX"
chr14,97886323,97887474,"HO11218_XX,HO5258_XY",2,XX+XY
chr14,99230610,99232604,"HO11225_XX,HO5259_XY,HO8142_PG",3,"XX+XY, PG+XX"
chr14,99273030,99273883,"HO11233_XX,HO5262_XY",2,XX+XY
chr14,99521977,99523722,"HO11239_XX,HO5265_XY,HO8148_PG",3,"XX+XY, PG+XX"
chr14,100825476,100828729,"HO11309_XX,HO5287_XY,HO8191_PG",3,"XX+XY, PG+XX"
chr14,100903826,100905297,"HO11313_XX,HO5288_XY,HO8193_PG",3,"XX+XY, PG+XX"
chr14,101076847,101078070,"HO11315_XX,HO5289_XY,HO8194_PG",3,"XX+XY, PG+XX"
chr14,101102753,101104088,"HO11316_XX,HO5290_XY,HO8195_PG",3,"XX+XY, PG+XX"
chr14,101456721,101459593,"HO11323_XX,HO5291_XY",2,XX+XY
chr14,101559456,101561593,"HO11325_XX,HO5292_XY,HO8199_PG",3,"XX+XY, PG+XX"
chr14,102080289,102081034,"HO11339_XX,HO5300_XY,HO7691_PS",3,"XX+XY, PS+XY"
chr14,103206670,103208186,"HO11384_XX,HO5320_XY,HO8243_PG",3,"XX+XY, PG+XX"
chr14,104116134,104118259,"HO11429_XX,HO5335_XY,HO8271_PG",3,"XX+XY, PG+XX"
chr14,104205790,104207078,"HO11436_XX,HO5338_XY,HO8277_PG",3,"XX+XY, PG+XX"
chr14,104382978,104384487,"HO11442_XX,HO5340_XY,HO8279_PG",3,"XX+XY, PG+XX"
chr14,105202829,105203472,"HO11490_XX,HO5367_XY,HO8317_PG",3,"XX+XY, PG+XX"
chr14,105363534,105365147,"HO11497_XX,HO5372_XY,HO8324_PG",3,"XX+XY, PG+XX"
chr15,22844665,22846379,"HO11518_XX,HO5383_XY,HO8341_PG",3,"XX+XY, PG+XX"
chr15,36887031,36889019,"HO11650_XX,HO5433_XY,HO8422_PG",3,"XX+XY, PG+XX"
chr15,37109462,37111306,"HO11656_XX,HO5436_XY,HO8426_PG",3,"XX+XY, PG+XX"
chr15,42621910,42623077,"HO11795_XX,HO5508_XY,HO8026_PS",3,"XX+XY, PS+XY"
chr15,45048379,45049658,"HO11831_XX,HO5534_XY,HO8057_PS",3,"XX+XY, PS+XY"
chr15,45128773,45130318,"HO11837_XX,HO5536_XY,HO8563_PG",3,"XX+XY, PG+XX"
chr15,45471678,45473379,"HO11853_XX,HO5545_XY,HO8578_PG",3,"XX+XY, PG+XX"
chr15,47651296,47653499,"HO11865_XX,HO5551_XY,HO8588_PG",3,"XX+XY, PG+XX"
chr15,51877974,51879898,"HO11901_XX,HO5575_XY,HO8617_PG",3,"XX+XY, PG+XX"
chr15,53521906,53523758,"HO11920_XX,HO5585_XY",2,XX+XY
chr15,64823594,64824428,"HO12038_XX,HO5645_XY,HO8723_PG",3,"XX+XY, PG+XX"
chr15,65101260,65102730,"HO12055_XX,HO5654_XY,HO8736_PG",3,"XX+XY, PG+XX"
chr15,66080370,66081358,"HO12088_XX,HO5671_XY,HO8757_PG",3,"XX+XY, PG+XX"
chr15,67029610,67030593,"HO12116_XX,HO5682_XY,HO8783_PG",3,"XX+XY, PG+XX"
chr15,70061922,70063081,"HO12189_XX,HO5710_XY,HO8831_PG",3,"XX+XY, PG+XX"
chr15,70153867,70155470,"HO12198_XX,HO5715_XY,HO8839_PG",3,"XX+XY, PG+XX"
chr15,74290921,74292018,"HO12282_XX,HO5748_XY,HO8892_PG",3,"XX+XY, PG+XX"
chr15,74954282,74955322,"HO12317_XX,HO5767_XY,HO8922_PG",3,"XX+XY, PG+XX"
chr15,75064925,75066444,"HO12327_XX,HO5772_XY,HO8397_PS",3,"XX+XY, PS+XY"
chr15,75180252,75181217,"HO12329_XX,HO5773_XY,HO8930_PG",3,"XX+XY, PG+XX"
chr15,76339713,76341279,"HO12374_XX,HO5799_XY,HO8963_PG",3,"XX+XY, PG+XX"
chr15,76345753,76347960,"HO12375_XX,HO5800_XY,HO8964_PG",3,"XX+XY, PG+XX"
chr15,77630841,77631891,"HO12391_XX,HO5807_XY,HO8442_PS",3,"XX+XY, PS+XY"
chr15,90142811,90143785,"HO12593_XX,HO5900_XY,HO9113_PG",3,"XX+XY, PG+XX"
chr15,90883192,90885134,"HO12615_XX,HO5915_XY,HO9130_PG",3,"XX+XY, PG+XX"
chr15,95325265,95327351,"HO12661_XX,HO5939_XY,HO9167_PG",3,"XX+XY, PG+XX"
chr15,96052591,96054936,"HO12668_XX,HO5942_XY,HO9170_PG",3,"XX+XY, PG+XX"
chr15,96179870,96181328,"HO12671_XX,HO5943_XY,HO9171_PG",3,"XX+XY, PG+XX"
chr15,96320665,96323416,"HO12672_XX,HO5944_XY,HO9172_PG",3,"XX+XY, PG+XX"
chr15,96353539,96355310,"HO12682_XX,HO5948_XY,HO9177_PG",3,"XX+XY, PG+XX"
chr15,96359715,96361576,"HO12684_XX,HO5950_XY,HO9179_PG",3,"XX+XY, PG+XX"
chr15,96415993,96417775,"HO12687_XX,HO5951_XY,HO9181_PG",3,"XX+XY, PG+XX"
chr15,99507120,99508514,"HO12739_XX,HO5967_XY,HO9214_PG",3,"XX+XY, PG+XX"
chr15,100878733,100880852,"HO12755_XX,HO5973_XY,HO9227_PG",3,"XX+XY, PG+XX"
chr16,799972,801676,"HO12842_XX,HO6016_XY,HO9287_PG",3,"XX+XY, PG+XX"
chr16,1018971,1020282,"HO12851_XX,HO6020_XY,HO9294_PG",3,"XX+XY, PG+XX"
chr16,1089495,1091680,"HO12858_XX,HO6021_XY",2,XX+XY
chr16,1125080,1125909,"HO12863_XX,HO6022_XY,HO9298_PG",3,"XX+XY, PG+XX"
chr16,1152106,1153743,"HO12867_XX,HO6023_XY,HO9301_PG",3,"XX+XY, PG+XX"
chr16,1180667,1182736,"HO12870_XX,HO6025_XY,HO9303_PG",3,"XX+XY, PG+XX"
chr16,1331549,1332746,"HO12881_XX,HO6028_XY,HO9308_PG",3,"XX+XY, PG+XX"
chr16,1650430,1653165,"HO12896_XX,HO6039_XY",2,XX+XY
chr16,2470643,2471762,"HO12951_XX,HO6075_XY,HO9365_PG",3,"XX+XY, PG+XX"
chr16,2592676,2594079,"HO12961_XX,HO6082_XY",2,XX+XY
chr16,6018808,6020965,"HO13107_XX,HO6159_XY,HO9482_PG",3,"XX+XY, PG+XX"
chr16,6482585,6484145,"HO13110_XX,HO6160_XY,HO9483_PG",3,"XX+XY, PG+XX"
chr16,8588548,8590660,"HO13118_XX,HO6162_XY",2,XX+XY
chr16,10038738,10040102,"HO13143_XX,HO6172_XY,HO9503_PG",3,"XX+XY, PG+XX"
chr16,11585571,11587879,"HO13184_XX,HO6184_XY,HO9528_PG",3,"XX+XY, PG+XX"
chr16,14185563,14187288,"HO13205_XX,HO6195_XY,HO9541_PG",3,"XX+XY, PG+XX"
chr16,15925099,15926591,"HO13228_XX,HO6209_XY,HO9007_PS",3,"XX+XY, PS+XY"
chr16,24609502,24610804,"HO13324_XX,HO6255_XY,HO9632_PG",3,"XX+XY, PG+XX"
chr16,29678782,29680507,"HO13390_XX,HO6288_XY,HO9677_PG",3,"XX+XY, PG+XX"
chr16,31041864,31042989,"HO13468_XX,HO6347_XY,HO9745_PG",3,"XX+XY, PG+XX"
chr16,49834331,49836030,"HO13544_XX,HO6385_XY,HO9798_PG",3,"XX+XY, PG+XX"
chr16,50467574,50468836,"HO13565_XX,HO6394_XY,HO9812_PG",3,"XX+XY, PG+XX"
chr16,51150247,51153036,"HO13580_XX,HO6398_XY,HO9819_PG",3,"XX+XY, PG+XX"
chr16,51243794,51246609,"HO13583_XX,HO6400_XY,HO9822_PG",3,"XX+XY, PG+XX"
chr16,55323343,55325420,"HO13624_XX,HO6412_XY,HO9860_PG",3,"XX+XY, PG+XX"
chr16,55478309,55480912,"HO13630_XX,HO6413_XY,HO9862_PG",3,"XX+XY, PG+XX"
chr16,56344054,56345485,"HO13640_XX,HO6418_XY,HO9869_PG",3,"XX+XY, PG+XX"
chr16,57774662,57776224,"HO13705_XX,HO6444_XY",2,XX+XY
chr16,57845915,57847186,"HO13710_XX,HO6447_XY,HO9915_PG",3,"XX+XY, PG+XX"
chr16,66482152,66483165,"HO13765_XX,HO6469_XY,HO9388_PS",3,"XX+XY, PS+XY"
chr16,66616460,66618172,"HO13772_XX,HO6473_XY",2,XX+XY
chr16,70769678,70771528,"HO10085_PG,HO13944_XX,HO6559_XY",3,"XX+XY, PG+XX"
chr16,70778517,70779702,"HO10086_PG,HO13945_XX,HO6560_XY",3,"XX+XY, PG+XX"
chr16,71425727,71427220,"HO10092_PG,HO13952_XX,HO6564_XY",3,"XX+XY, PG+XX"
chr16,72240605,72242204,"HO10106_PG,HO13976_XX,HO6575_XY",3,"XX+XY, PG+XX"
chr16,73095103,73096474,"HO10115_PG,HO13990_XX,HO6583_XY",3,"XX+XY, PG+XX"
chr16,74812769,74813617,"HO14006_XX,HO6589_XY,HO9569_PS",3,"XX+XY, PS+XY"
chr16,77434249,77435801,"HO10160_PG,HO14048_XX,HO6606_XY",3,"XX+XY, PG+XX"
chr16,77787923,77790314,"HO10162_PG,HO14051_XX,HO6608_XY",3,"XX+XY, PG+XX"
chr16,81634225,81635351,"HO10192_PG,HO14095_XX,HO6623_XY",3,"XX+XY, PG+XX"
chr16,81729446,81731103,"HO10198_PG,HO14103_XX,HO6624_XY",3,"XX+XY, PG+XX"
chr16,81778747,81780087,"HO10200_PG,HO14106_XX,HO6625_XY",3,"XX+XY, PG+XX"
chr16,83967882,83969525,"HO10210_PG,HO14120_XX,HO6632_XY",3,"XX+XY, PG+XX"
chr16,85334694,85335925,"HO10244_PG,HO14181_XX,HO6645_XY",3,"XX+XY, PG+XX"
chr16,85444693,85445862,"HO10252_PG,HO14192_XX,HO6648_XY",3,"XX+XY, PG+XX"
chr16,85625773,85628516,"HO10268_PG,HO14215_XX,HO6655_XY",3,"XX+XY, PG+XX"
chr16,85898284,85899374,"HO10278_PG,HO14228_XX,HO6661_XY",3,"XX+XY, PG+XX"
chr16,86198031,86199608,"HO10281_PG,HO14232_XX,HO6662_XY",3,"XX+XY, PG+XX"
chr16,86566577,86568609,"HO10285_PG,HO14243_XX,HO6666_XY",3,"XX+XY, PG+XX"
chr16,86575343,86576851,"HO10286_PG,HO14244_XX,HO6667_XY",3,"XX+XY, PG+XX"
chr16,88533128,88535019,"HO10327_PG,HO14320_XX,HO6684_XY",3,"XX+XY, PG+XX"
chr16,88633508,88635162,"HO10329_PG,HO14324_XX,HO6686_XY",3,"XX+XY, PG+XX"
chr16,88769584,88771350,"HO10336_PG,HO14333_XX,HO6692_XY",3,"XX+XY, PG+XX"
chr16,88880189,88881873,"HO10341_PG,HO14340_XX,HO6697_XY",3,"XX+XY, PG+XX"
chr16,89256428,89257721,"HO10352_PG,HO14359_XX,HO6704_XY",3,"XX+XY, PG+XX"
chr16,89601928,89603266,"HO10361_PG,HO14374_XX,HO6711_XY",3,"XX+XY, PG+XX"
chr16,89710824,89712788,"HO10368_PG,HO14383_XX,HO6716_XY",3,"XX+XY, PG+XX"
chr17,1030172,1032264,"HO10417_PG,HO14439_XX,HO6744_XY",3,"XX+XY, PG+XX"
chr17,1178566,1180678,"HO10423_PG,HO14449_XX,HO6747_XY",3,"XX+XY, PG+XX"
chr17,1907809,1909126,"HO10452_PG,HO14487_XX,HO6770_XY",3,"XX+XY, PG+XX"
chr17,2056559,2058034,"HO10462_PG,HO14502_XX,HO6776_XY",3,"XX+XY, PG+XX"
chr17,2074689,2077251,"HO10463_PG,HO14503_XX,HO6777_XY",3,"XX+XY, PG+XX"
chr17,4003523,4005165,"HO10506_PG,HO14569_XX,HO6802_XY",3,"XX+XY, PG+XX"
chr17,4439821,4441497,"HO10512_PG,HO14580_XX,HO6806_XY",3,"XX+XY, PG+XX"
chr17,4535520,4537437,"HO10515_PG,HO14585_XX,HO6808_XY",3,"XX+XY, PG+XX"
chr17,4598895,4601015,"HO10520_PG,HO14593_XX,HO6811_XY",3,"XX+XY, PG+XX"
chr17,4898700,4900043,"HO10530_PG,HO14609_XX,HO6821_XY",3,"XX+XY, PG+XX"
chr17,4900243,4901258,"HO10531_PG,HO14610_XX,HO6822_XY",3,"XX+XY, PG+XX"
chr17,5096779,5097998,"HO10540_PG,HO14620_XX,HO6829_XY",3,"XX+XY, PG+XX"
chr17,5122166,5123619,"HO10542_PG,HO14622_XX,HO6831_XY",3,"XX+XY, PG+XX"
chr17,6831045,6832289,"HO10563_PG,HO14650_XX,HO6845_XY",3,"XX+XY, PG+XX"
chr17,6995026,6997075,"HO10564_PG,HO14653_XX,HO6846_XY",3,"XX+XY, PG+XX"
chr17,7548362,7549912,"HO10601_PG,HO14697_XX,HO6879_XY",3,"XX+XY, PG+XX"
chr17,7651297,7652390,"HO10611_PG,HO14709_XX,HO6887_XY",3,"XX+XY, PG+XX"
chr17,8226011,8227161,"HO10651_PG,HO14752_XX,HO6921_XY",3,"XX+XY, PG+XX"
chr17,11522314,11523797,"HO10076_PS,HO14797_XX,HO6941_XY",3,"XX+XY, PS+XY"
chr17,17662973,17663755,"HO14883_XX,HO6981_XY",2,XX+XY
chr17,17809512,17810932,"HO10752_PG,HO14900_XX,HO6989_XY",3,"XX+XY, PG+XX"
chr17,17913619,17914652,"HO14911_XX,HO6995_XY",2,XX+XY
chr17,19386320,19388205,"HO10792_PG,HO14954_XX,HO7017_XY",3,"XX+XY, PG+XX"
chr17,20704584,20705920,"HO14978_XX,HO7027_XY",2,XX+XY
chr17,20843335,20844397,"HO10805_PG,HO14980_XX,HO7028_XY",3,"XX+XY, PG+XX"
chr17,27344930,27345783,"HO10826_PG,HO15009_XX,HO7044_XY",3,"XX+XY, PG+XX"
chr17,28576433,28577454,"HO10854_PG,HO15046_XX,HO7060_XY",3,"XX+XY, PG+XX"
chr17,29019212,29020276,"HO15070_XX,HO7080_XY",2,XX+XY
chr17,30234921,30236309,"HO10900_PG,HO15098_XX,HO7097_XY",3,"XX+XY, PG+XX"
chr17,34615658,34616683,"HO10951_PG,HO15171_XX,HO7131_XY",3,"XX+XY, PG+XX"
chr17,36641056,36642728,"HO10984_PG,HO15218_XX,HO7156_XY",3,"XX+XY, PG+XX"
chr17,38600569,38601400,"HO11014_PG,HO15264_XX,HO7176_XY",3,"XX+XY, PG+XX"
chr17,39208945,39210516,"HO11045_PG,HO15310_XX,HO7196_XY",3,"XX+XY, PG+XX"
chr17,39562874,39564671,"HO11053_PG,HO15320_XX,HO7203_XY",3,"XX+XY, PG+XX"
chr17,40088957,40090752,"HO11080_PG,HO15357_XX,HO7218_XY",3,"XX+XY, PG+XX"
chr17,40106492,40108552,"HO15360_XX,HO7221_XY",2,XX+XY
chr17,40350079,40351863,"HO15384_XX,HO7232_XY",2,XX+XY
chr17,41526882,41528633,"HO11117_PG,HO15412_XX,HO7240_XY",3,"XX+XY, PG+XX"
chr17,42086930,42088719,"HO10524_PS,HO15451_XX,HO7260_XY",3,"XX+XY, PS+XY"
chr17,42760419,42761929,"HO11178_PG,HO15497_XX,HO7285_XY",3,"XX+XY, PG+XX"
chr17,42779328,42781140,"HO11180_PG,HO15499_XX,HO7287_XY",3,"XX+XY, PG+XX"
chr17,43406569,43407716,"HO11201_PG,HO15528_XX,HO7304_XY",3,"XX+XY, PG+XX"
chr17,44086268,44087743,"HO10609_PS,HO15564_XX,HO7320_XY",3,"XX+XY, PS+XY"
chr17,44137753,44138650,"HO11232_PG,HO15570_XX,HO7324_XY",3,"XX+XY, PG+XX"
chr17,45424966,45426100,"HO11295_PG,HO15645_XX,HO7368_XY",3,"XX+XY, PG+XX"
chr17,46850764,46852396,"HO11309_PG,HO15666_XX,HO7378_XY",3,"XX+XY, PG+XX"
chr17,48593067,48594860,"HO15720_XX,HO7409_XY",2,XX+XY
chr17,48609825,48611525,"HO15723_XX,HO7410_XY",2,XX+XY
chr17,48624801,48626935,"HO11354_PG,HO15726_XX,HO7411_XY",3,"XX+XY, PG+XX"
chr17,49469700,49471652,"HO11372_PG,HO15759_XX,HO7426_XY",3,"XX+XY, PG+XX"
chr17,50209347,50211162,"HO11403_PG,HO15805_XX,HO7449_XY",3,"XX+XY, PG+XX"
chr17,50265783,50267818,"HO11405_PG,HO15807_XX,HO7451_XY",3,"XX+XY, PG+XX"
chr17,50503282,50504407,"HO15820_XX,HO7457_XY",2,XX+XY
chr17,56678078,56679492,"HO11459_PG,HO15877_XX,HO7482_XY",3,"XX+XY, PG+XX"
chr17,57527488,57529260,"HO11477_PG,HO15903_XX,HO7492_XY",3,"XX+XY, PG+XX"
chr17,58390919,58392179,"HO11507_PG,HO15946_XX,HO7507_XY",3,"XX+XY, PG+XX"
chr17,58487085,58488690,"HO11509_PG,HO15949_XX,HO7509_XY",3,"XX+XY, PG+XX"
chr17,60149392,60151304,"HO11539_PG,HO15988_XX,HO7532_XY",3,"XX+XY, PG+XX"
chr17,61149491,61150461,"HO15996_XX,HO7538_XY",2,XX+XY
chr17,61160334,61161283,"HO15998_XX,HO7539_XY",2,XX+XY
chr17,62819402,62822444,"HO10921_PS,HO16031_XX,HO16032_XX,HO7555_XY",4,"XX+XY, PS+XY"
chr17,63537753,63538674,"HO11575_PG,HO16043_XX,HO7560_XY",3,"XX+XY, PG+XX"
chr17,64780116,64781802,"HO11598_PG,HO16074_XX,HO7578_XY",3,"XX+XY, PG+XX"
chr17,66337858,66339725,"HO10967_PS,HO16104_XX,HO7589_XY",3,"XX+XY, PS+XY"
chr17,68820527,68822577,"HO16157_XX,HO7607_XY",2,XX+XY
chr17,72341945,72343560,"HO16177_XX,HO7612_XY",2,XX+XY
chr17,73492047,73493588,"HO11687_PG,HO16204_XX,HO7622_XY",3,"XX+XY, PG+XX"
chr17,74513782,74515170,"HO11059_PS,HO16245_XX,HO7632_XY",3,"XX+XY, PS+XY"
chr17,74762770,74764879,"HO11712_PG,HO16250_XX,HO7635_XY",3,"XX+XY, PG+XX"
chr17,74851895,74853329,"HO11719_PG,HO16257_XX,HO7638_XY",3,"XX+XY, PG+XX"
chr17,75775522,75777744,"HO11760_PG,HO16308_XX,HO7668_XY",3,"XX+XY, PG+XX"
chr17,76271493,76273168,"HO11785_PG,HO16339_XX,HO7686_XY",3,"XX+XY, PG+XX"
chr17,76639442,76640515,"HO11805_PG,HO16364_XX,HO7697_XY",3,"XX+XY, PG+XX"
chr17,76968524,76970271,"HO11817_PG,HO16379_XX,HO7706_XY",3,"XX+XY, PG+XX"
chr17,77382228,77383563,"HO11838_PG,HO16409_XX,HO7713_XY",3,"XX+XY, PG+XX"
chr17,77465303,77467801,"HO16419_XX,HO7715_XY",2,XX+XY
chr17,77527984,77529504,"HO11846_PG,HO16423_XX,HO7717_XY",3,"XX+XY, PG+XX"
chr17,77542008,77543473,"HO11847_PG,HO16424_XX,HO7718_XY",3,"XX+XY, PG+XX"
chr17,77696087,77697782,"HO11852_PG,HO16429_XX,HO7719_XY",3,"XX+XY, PG+XX"
chr17,77734098,77736532,"HO11853_PG,HO16430_XX,HO7720_XY",3,"XX+XY, PG+XX"
chr17,78143939,78145801,"HO11864_PG,HO16442_XX,HO7724_XY",3,"XX+XY, PG+XX"
chr17,78271856,78273099,"HO11875_PG,HO16457_XX,HO7730_XY",3,"XX+XY, PG+XX"
chr17,78879139,78880300,"HO11890_PG,HO16481_XX,HO7739_XY",3,"XX+XY, PG+XX"
chr17,79026492,79028378,"HO16495_XX,HO7745_XY",2,XX+XY
chr17,79182177,79184218,"HO11903_PG,HO16503_XX,HO7747_XY",3,"XX+XY, PG+XX"
chr17,79792911,79794258,"HO11912_PG,HO16519_XX,HO7750_XY",3,"XX+XY, PG+XX"
chr17,79977520,79979754,"HO11926_PG,HO16535_XX,HO7757_XY",3,"XX+XY, PG+XX"
chr17,80980393,80982456,"HO11956_PG,HO16577_XX,HO7769_XY",3,"XX+XY, PG+XX"
chr17,81049254,81050577,"HO11961_PG,HO16587_XX,HO7772_XY",3,"XX+XY, PG+XX"
chr17,81328479,81329975,"HO11977_PG,HO16608_XX,HO7781_XY",3,"XX+XY, PG+XX"
chr17,81418852,81420555,"HO11988_PG,HO16621_XX,HO7786_XY",3,"XX+XY, PG+XX"
chr17,82171975,82175594,"HO12034_PG,HO16680_XX,HO7818_XY",3,"XX+XY, PG+XX"
chr17,82962746,82963711,"HO16726_XX,HO7839_XY",2,XX+XY
chr18,361795,363204,"HO16740_XX,HO7845_XY",2,XX+XY
chr18,3712288,3714044,"HO12119_PG,HO16789_XX,HO7868_XY",3,"XX+XY, PG+XX"
chr18,13641113,13642616,"HO12190_PG,HO16895_XX,HO7920_XY",3,"XX+XY, PG+XX"
chr18,24560223,24561349,"HO12238_PG,HO16964_XX,HO7947_XY",3,"XX+XY, PG+XX"
chr18,30112991,30114262,"HO11557_PS,HO16985_XX,HO7956_XY",3,"XX+XY, PS+XY"
chr18,36381827,36383287,"HO11600_PS,HO17035_XX,HO7988_XY",3,"XX+XY, PS+XY"
chr18,37298883,37300218,"HO17041_XX,HO7991_XY",2,XX+XY
chr18,37484440,37485977,"HO17044_XX,HO7993_XY",2,XX+XY
chr18,48099244,48101235,"HO12335_PG,HO17102_XX,HO8016_XY",3,"XX+XY, PG+XX"
chr18,54530647,54532771,"HO12398_PG,HO17192_XX,HO8047_XY",3,"XX+XY, PG+XX"
chr18,59219619,59221550,"HO11731_PS,HO17242_XX,HO8067_XY",3,"XX+XY, PS+XY"
chr18,59268636,59269689,"HO12432_PG,HO17243_XX,HO8068_XY",3,"XX+XY, PG+XX"
chr18,61333063,61334761,"HO12446_PG,HO17261_XX,HO8075_XY",3,"XX+XY, PG+XX"
chr18,62595926,62597584,"HO12456_PG,HO17271_XX,HO8081_XY",3,"XX+XY, PG+XX"
chr18,63271572,63274270,"HO12462_PG,HO17280_XX,HO8084_XY",3,"XX+XY, PG+XX"
chr18,68943154,68945071,"HO12483_PG,HO17304_XX,HO8094_XY",3,"XX+XY, PG+XX"
chr18,75915783,75916943,"HO12507_PG,HO17336_XX,HO8108_XY",3,"XX+XY, PG+XX"
chr18,77248976,77252149,"HO12530_PG,HO17372_XX,HO8119_XY",3,"XX+XY, PG+XX"
chr18,77321686,77322873,"HO12531_PG,HO17374_XX,HO8120_XY",3,"XX+XY, PG+XX"
chr18,79378492,79379338,"HO12539_PG,HO17393_XX,HO8123_XY",3,"XX+XY, PG+XX"
chr18,79796578,79799310,"HO12545_PG,HO17410_XX,HO8128_XY",3,"XX+XY, PG+XX"
chr19,294217,295472,"HO12555_PG,HO17423_XX,HO8136_XY",3,"XX+XY, PG+XX"
chr19,408276,410071,"HO12557_PG,HO17427_XX,HO8138_XY",3,"XX+XY, PG+XX"
chr19,416986,418481,"HO12558_PG,HO17428_XX,HO8139_XY",3,"XX+XY, PG+XX"
chr19,459505,461210,"HO12559_PG,HO17430_XX,HO8140_XY",3,"XX+XY, PG+XX"
chr19,821146,822727,"HO12584_PG,HO17467_XX,HO8155_XY",3,"XX+XY, PG+XX"
chr19,898459,899293,"HO12590_PG,HO17474_XX,HO8157_XY",3,"XX+XY, PG+XX"
chr19,1000083,1001998,"HO11872_PS,HO17490_XX,HO17491_XX,HO8162_XY",4,"XX+XY, PS+XY"
chr19,1130915,1133923,"HO12611_PG,HO17503_XX,HO8170_XY",3,"XX+XY, PG+XX"
chr19,1470031,1471684,"HO12647_PG,HO17548_XX,HO8194_XY",3,"XX+XY, PG+XX"
chr19,1851629,1852531,"HO12666_PG,HO17573_XX,HO8206_XY",3,"XX+XY, PG+XX"
chr19,2250268,2251947,"HO12689_PG,HO17606_XX,HO8220_XY",3,"XX+XY, PG+XX"
chr19,2302168,2303293,"HO12696_PG,HO17614_XX,HO8226_XY",3,"XX+XY, PG+XX"
chr19,2371595,2372746,"HO17618_XX,HO8228_XY",2,XX+XY
chr19,5090599,5092298,"HO12824_PG,HO17786_XX,HO8304_XY",3,"XX+XY, PG+XX"
chr19,5276410,5277308,"HO12103_PS,HO17793_XX,HO8306_XY",3,"XX+XY, PS+XY"
chr19,5292194,5294289,"HO12829_PG,HO17794_XX,HO8307_XY",3,"XX+XY, PG+XX"
chr19,5536109,5536934,"HO12835_PG,HO17803_XX,HO8309_XY",3,"XX+XY, PG+XX"
chr19,6065487,6067607,"HO12854_PG,HO17831_XX,HO8324_XY",3,"XX+XY, PG+XX"
chr19,6216400,6217646,"HO12860_PG,HO17837_XX,HO8327_XY",3,"XX+XY, PG+XX"
chr19,6659560,6662083,"HO12873_PG,HO17856_XX,HO8339_XY",3,"XX+XY, PG+XX"
chr19,9362587,9363648,"HO12949_PG,HO17952_XX,HO8393_XY",3,"XX+XY, PG+XX"
chr19,10352359,10354437,"HO12985_PG,HO17990_XX,HO8421_XY",3,"XX+XY, PG+XX"
chr19,10516924,10518916,"HO18004_XX,HO8428_XY",2,XX+XY
chr19,11261406,11262835,"HO13021_PG,HO18041_XX,HO8449_XY",3,"XX+XY, PG+XX"
chr19,12769462,12770243,"HO13083_PG,HO18109_XX,HO8501_XY",3,"XX+XY, PG+XX"
chr19,13207158,13208901,"HO13127_PG,HO18163_XX,HO8528_XY",3,"XX+XY, PG+XX"
chr19,13838964,13840158,"HO18172_XX,HO8535_XY",2,XX+XY
chr19,13962033,13964004,"HO13145_PG,HO18184_XX,HO8543_XY",3,"XX+XY, PG+XX"
chr19,13977897,13979638,"HO13146_PG,HO18186_XX,HO8544_XY",3,"XX+XY, PG+XX"
chr19,14165558,14168359,"HO13157_PG,HO18198_XX,HO8552_XY",3,"XX+XY, PG+XX"
chr19,15106726,15108565,"HO13175_PG,HO18225_XX,HO8567_XY",3,"XX+XY, PG+XX"
chr19,15199299,15201314,"HO13179_PG,HO18229_XX,HO8570_XY",3,"XX+XY, PG+XX"
chr19,16315190,16316933,"HO12468_PS,HO18261_XX,HO8588_XY",3,"XX+XY, PS+XY"
chr19,17025696,17027952,"HO13222_PG,HO18284_XX,HO8599_XY",3,"XX+XY, PG+XX"
chr19,17292096,17293103,"HO13231_PG,HO18295_XX,HO8608_XY",3,"XX+XY, PG+XX"
chr19,17403074,17404442,"HO13239_PG,HO18305_XX,HO8616_XY",3,"XX+XY, PG+XX"
chr19,17405022,17406043,"HO13240_PG,HO18306_XX,HO8617_XY",3,"XX+XY, PG+XX"
chr19,17412223,17413467,"HO13241_PG,HO18308_XX,HO8618_XY",3,"XX+XY, PG+XX"
chr19,17498347,17499391,"HO12512_PS,HO18317_XX,HO8623_XY",3,"XX+XY, PS+XY"
chr19,17777981,17779977,"HO13256_PG,HO18326_XX,HO8631_XY",3,"XX+XY, PG+XX"
chr19,18232563,18233864,"HO13281_PG,HO18356_XX,HO8648_XY",3,"XX+XY, PG+XX"
chr19,18414611,18415867,"HO13294_PG,HO18372_XX,HO8657_XY",3,"XX+XY, PG+XX"
chr19,18605220,18607567,"HO13309_PG,HO18389_XX,HO8670_XY",3,"XX+XY, PG+XX"
chr19,18699970,18701560,"HO13315_PG,HO18398_XX,HO8674_XY",3,"XX+XY, PG+XX"
chr19,19119732,19121171,"HO13338_PG,HO18426_XX,HO8685_XY",3,"XX+XY, PG+XX"
chr19,19260836,19262400,"HO13343_PG,HO18433_XX,HO8689_XY",3,"XX+XY, PG+XX"
chr19,19473813,19476216,"HO13349_PG,HO18443_XX,HO8694_XY",3,"XX+XY, PG+XX"
chr19,19860481,19861419,"HO13363_PG,HO18460_XX,HO8705_XY",3,"XX+XY, PG+XX"
chr19,21568359,21569825,"HO13394_PG,HO18493_XX,HO8730_XY",3,"XX+XY, PG+XX"
chr19,28288523,28290397,"HO13426_PG,HO18529_XX,HO8752_XY",3,"XX+XY, PG+XX"
chr19,28393460,28395101,"HO18530_XX,HO8753_XY",2,XX+XY
chr19,31961185,31964247,"HO13464_PG,HO18576_XX,HO8767_XY",3,"XX+XY, PG+XX"
chr19,34577077,34578152,"HO13499_PG,HO18624_XX,HO8794_XY",3,"XX+XY, PG+XX"
chr19,35038981,35041848,"HO13512_PG,HO18639_XX,HO8802_XY",3,"XX+XY, PG+XX"
chr19,35090168,35091367,"HO13513_PG,HO18640_XX,HO8803_XY",3,"XX+XY, PG+XX"
chr19,35142258,35143764,"HO13519_PG,HO18647_XX,HO8805_XY",3,"XX+XY, PG+XX"
chr19,35854982,35857218,"HO13543_PG,HO18679_XX,HO8825_XY",3,"XX+XY, PG+XX"
chr19,36244835,36247092,"HO13562_PG,HO18698_XX,HO8840_XY",3,"XX+XY, PG+XX"
chr19,38209327,38211615,"HO13603_PG,HO18746_XX,HO8877_XY",3,"XX+XY, PG+XX"
chr19,38394299,38396134,"HO13619_PG,HO18764_XX,HO8889_XY",3,"XX+XY, PG+XX"
chr19,39258023,39259355,"HO18821_XX,HO8909_XY",2,XX+XY
chr19,39263716,39265973,"HO12878_PS,HO18822_XX,HO8910_XY",3,"XX+XY, PS+XY"
chr19,41376152,41377256,"HO13740_PG,HO18913_XX,HO8972_XY",3,"XX+XY, PG+XX"
chr19,41426711,41428812,"HO13742_PG,HO18915_XX,HO8974_XY",3,"XX+XY, PG+XX"
chr19,44111759,44112422,"HO13802_PG,HO18985_XX,HO9020_XY",3,"XX+XY, PG+XX"
chr19,44756953,44758630,"HO13820_PG,HO19005_XX,HO9035_XY",3,"XX+XY, PG+XX"
chr19,44905284,44906742,"HO13831_PG,HO19021_XX,HO9042_XY",3,"XX+XY, PG+XX"
chr19,45528094,45529478,"HO13866_PG,HO19069_XX,HO9072_XY",3,"XX+XY, PG+XX"
chr19,45999477,46001233,"HO13896_PG,HO19103_XX,HO9094_XY",3,"XX+XY, PG+XX"
chr19,46296479,46297406,"HO13902_PG,HO19113_XX,HO9098_XY",3,"XX+XY, PG+XX"
chr19,48479548,48481460,"HO13990_PG,HO19232_XX,HO9163_XY",3,"XX+XY, PG+XX"
chr19,48553472,48554830,"HO13209_PS,HO19237_XX,HO9165_XY",3,"XX+XY, PS+XY"
chr19,48613522,48615234,"HO19241_XX,HO9167_XY",2,XX+XY
chr19,49511870,49514005,"HO14055_PG,HO19313_XX,HO9209_XY",3,"XX+XY, PG+XX"
chr19,50205091,50206099,"HO14097_PG,HO19359_XX,HO9240_XY",3,"XX+XY, PG+XX"
chr19,50694754,50696189,"HO14119_PG,HO19382_XX,HO9253_XY",3,"XX+XY, PG+XX"
chr19,51353986,51355134,"HO13334_PS,HO19403_XX,HO9263_XY",3,"XX+XY, PS+XY"
chr19,51702089,51704937,"HO14142_PG,HO19411_XX,HO9269_XY",3,"XX+XY, PG+XX"
chr19,51719109,51720280,"HO14143_PG,HO19412_XX,HO9270_XY",3,"XX+XY, PG+XX"
chr19,52741058,52743044,"HO14171_PG,HO19443_XX,HO9295_XY",3,"XX+XY, PG+XX"
chr19,53865806,53866725,"HO14197_PG,HO19477_XX,HO9318_XY",3,"XX+XY, PG+XX"
chr19,53881640,53882497,"HO14200_PG,HO19481_XX,HO9321_XY",3,"XX+XY, PG+XX"
chr19,55146060,55147300,"HO19516_XX,HO9341_XY",2,XX+XY
chr19,55347677,55348944,"HO14237_PG,HO19531_XX,HO9352_XY",3,"XX+XY, PG+XX"
chr19,57056419,57058060,"HO14296_PG,HO19603_XX,HO9395_XY",3,"XX+XY, PG+XX"
chr19,57171349,57172791,"HO14298_PG,HO19607_XX,HO9396_XY",3,"XX+XY, PG+XX"
chr19,58355781,58357602,"HO14348_PG,HO19660_XX,HO9444_XY",3,"XX+XY, PG+XX"
chr2,949476,951502,"HO14375_PG,HO19693_XX,HO9468_XY",3,"XX+XY, PG+XX"
chr2,5390891,5392044,"HO14406_PG,HO19753_XX,HO9482_XY",3,"XX+XY, PG+XX"
chr2,5672563,5674203,"HO14408_PG,HO19755_XX,HO9483_XY",3,"XX+XY, PG+XX"
chr2,5690201,5693326,"HO14409_PG,HO19756_XX,HO9484_XY",3,"XX+XY, PG+XX"
chr2,5725527,5726667,"HO14411_PG,HO19758_XX,HO9486_XY",3,"XX+XY, PG+XX"
chr2,5980409,5982121,"HO14412_PG,HO19760_XX,HO9487_XY",3,"XX+XY, PG+XX"
chr2,6072254,6074577,"HO14413_PG,HO19761_XX,HO9488_XY",3,"XX+XY, PG+XX"
chr2,6164138,6165870,"HO14414_PG,HO19762_XX,HO9489_XY",3,"XX+XY, PG+XX"
chr2,8515077,8516666,"HO13591_PS,HO19780_XX,HO9493_XY",3,"XX+XY, PS+XY"
chr2,8796261,8797373,"HO19794_XX,HO9498_XY",2,XX+XY
chr2,9234100,9236117,"HO19800_XX,HO9503_XY",2,XX+XY
chr2,9763118,9764545,"HO14447_PG,HO19813_XX,HO9508_XY",3,"XX+XY, PG+XX"
chr2,9769029,9770860,"HO14449_PG,HO19815_XX,HO9509_XY",3,"XX+XY, PG+XX"
chr2,10225067,10226601,"HO14460_PG,HO19832_XX,HO9518_XY",3,"XX+XY, PG+XX"
chr2,10438634,10440228,"HO19845_XX,HO9522_XY",2,XX+XY
chr2,10883013,10885473,"HO14478_PG,HO19854_XX,HO9528_XY",3,"XX+XY, PG+XX"
chr2,14400729,14402596,"HO14506_PG,HO19892_XX,HO9541_XY",3,"XX+XY, PG+XX"
chr2,20211554,20214170,"HO19957_XX,HO9563_XY",2,XX+XY
chr2,23480716,23481582,"HO19977_XX,HO9573_XY",2,XX+XY
chr2,27077999,27079261,"HO14627_PG,HO20064_XX,HO9616_XY",3,"XX+XY, PG+XX"
chr2,27307581,27308797,"HO14638_PG,HO20078_XX,HO9625_XY",3,"XX+XY, PG+XX"
chr2,38734966,38736242,"HO20198_XX,HO9684_XY",2,XX+XY
chr2,41337277,41339282,"HO20213_XX,HO9695_XY",2,XX+XY
chr2,43220877,43222319,"HO14761_PG,HO20249_XX,HO9707_XY",3,"XX+XY, PG+XX"
chr2,45013269,45014759,"HO14778_PG,HO20274_XX,HO9720_XY",3,"XX+XY, PG+XX"
chr2,45793036,45794729,"HO14785_PG,HO20284_XX,HO9724_XY",3,"XX+XY, PG+XX"
chr2,47032991,47035612,"HO14803_PG,HO20307_XX,HO9733_XY",3,"XX+XY, PG+XX"
chr2,51031556,51032753,"HO14830_PG,HO20346_XX,HO9749_XY",3,"XX+XY, PG+XX"
chr2,60568077,60570224,"HO14869_PG,HO20396_XX,HO9776_XY",3,"XX+XY, PG+XX"
chr2,63049885,63051443,"HO14894_PG,HO20426_XX,HO9796_XY",3,"XX+XY, PG+XX"
chr2,64283061,64284493,"HO20439_XX,HO9802_XY",2,XX+XY
chr2,66425337,66427638,"HO14922_PG,HO20472_XX,HO9818_XY",3,"XX+XY, PG+XX"
chr2,66469000,66470311,"HO20476_XX,HO9822_XY",2,XX+XY
chr2,66581018,66584254,"HO14929_PG,HO20480_XX,HO9824_XY",3,"XX+XY, PG+XX"
chr2,67649012,67651251,"HO20485_XX,HO9828_XY",2,XX+XY
chr2,70977835,70979358,"HO14979_PG,HO20551_XX,HO9860_XY",3,"XX+XY, PG+XX"
chr2,72148428,72149393,"HO14996_PG,HO20574_XX,HO9872_XY",3,"XX+XY, PG+XX"
chr2,73560504,73561675,"HO14152_PS,HO20602_XX,HO9887_XY",3,"XX+XY, PS+XY"
chr2,76684319,76685708,"HO15062_PG,HO20658_XX,HO9922_XY",3,"XX+XY, PG+XX"
chr2,85412898,85414293,"HO15086_PG,HO20691_XX,HO9937_XY",3,"XX+XY, PG+XX"
chr2,85430403,85431526,"HO15089_PG,HO20694_XX,HO9940_XY",3,"XX+XY, PG+XX"
chr2,96145947,96147239,"HO15157_PG,HO20781_XX,HO9984_XY",3,"XX+XY, PG+XX"
chr2,96163274,96165104,"HO15159_PG,HO20783_XX,HO9986_XY",3,"XX+XY, PG+XX"
chr2,96324805,96326161,"HO15165_PG,HO20790_XX,HO9992_XY",3,"XX+XY, PG+XX"
chr2,104852887,104854378,"HO10038_XY,HO15241_PG,HO20895_XX",3,"XX+XY, PG+XX"
chr2,105143290,105144685,"HO10041_XY,HO15245_PG,HO20900_XX",3,"XX+XY, PG+XX"
chr2,107304691,107306471,"HO10050_XY,HO14400_PS,HO20927_XX",3,"XX+XY, PS+XY"
chr2,109409175,109411505,"HO10058_XY,HO15277_PG,HO20949_XX",3,"XX+XY, PG+XX"
chr2,110114855,110116708,"HO10060_XY,HO20957_XX",2,XX+XY
chr2,111049068,111050565,"HO10065_XY,HO15289_PG,HO20967_XX",3,"XX+XY, PG+XX"
chr2,112181391,112182796,"HO10071_XY,HO20980_XX",2,XX+XY
chr2,113276881,113279225,"HO10081_XY,HO15316_PG,HO21006_XX",3,"XX+XY, PG+XX"
chr2,114212718,114213661,"HO10088_XY,HO14462_PS,HO21024_XX",3,"XX+XY, PS+XY"
chr2,115440071,115441706,"HO10090_XY,HO15333_PG,HO21030_XX",3,"XX+XY, PG+XX"
chr2,118309429,118311370,"HO10097_XY,HO15344_PG,HO21041_XX",3,"XX+XY, PG+XX"
chr2,119523367,119524668,"HO10101_XY,HO21057_XX",2,XX+XY
chr2,124024492,124025797,"HO10124_XY,HO15389_PG,HO21116_XX",3,"XX+XY, PG+XX"
chr2,126655612,126658362,"HO10125_XY,HO10126_XY,HO15390_PG,HO21120_XX",4,"XX+XY, PG+XX"
chr2,126885426,126887265,"HO10128_XY,HO15392_PG,HO21122_XX",3,"XX+XY, PG+XX"
chr2,130336791,130337699,"HO10156_XY,HO15434_PG,HO21180_XX",3,"XX+XY, PG+XX"
chr2,131039587,131041392,"HO10167_XY,HO21193_XX",2,XX+XY
chr2,131394106,131395646,"HO10170_XY,HO21198_XX",2,XX+XY
chr2,133749358,133751205,"HO10183_XY,HO21224_XX",2,XX+XY
chr2,148887312,148888673,"HO10208_XY,HO21282_XX",2,XX+XY
chr2,150526470,150527223,"HO10212_XY,HO21292_XX",2,XX+XY
chr2,172600072,172601668,"HO10291_XY,HO15629_PG,HO21454_XX",3,"XX+XY, PG+XX"
chr2,174325399,174327488,"HO10297_XY,HO15644_PG,HO21474_XX",3,"XX+XY, PG+XX"
chr2,176092239,176093540,"HO10307_XY,HO15661_PG,HO21493_XX",3,"XX+XY, PG+XX"
chr2,176106510,176108142,"HO10309_XY,HO15663_PG,HO21496_XX",3,"XX+XY, PG+XX"
chr2,176151052,176152618,"HO10315_XY,HO15672_PG,HO21506_XX",3,"XX+XY, PG+XX"
chr2,176156595,176158521,"HO10316_XY,HO15673_PG,HO21507_XX",3,"XX+XY, PG+XX"
chr2,176159693,176160984,"HO10317_XY,HO15674_PG,HO21508_XX",3,"XX+XY, PG+XX"
chr2,176164622,176166168,"HO10318_XY,HO15675_PG,HO21509_XX",3,"XX+XY, PG+XX"
chr2,176170455,176172548,"HO10319_XY,HO15676_PG,HO21510_XX",3,"XX+XY, PG+XX"
chr2,176454419,176456490,"HO10324_XY,HO15681_PG,HO21515_XX",3,"XX+XY, PG+XX"
chr2,185643336,185645628,"HO10355_XY,HO21567_XX",2,XX+XY
chr2,188978191,188979260,"HO10361_XY,HO15733_PG,HO21579_XX",3,"XX+XY, PG+XX"
chr2,196273963,196275315,"HO10385_XY,HO15767_PG,HO21623_XX",3,"XX+XY, PG+XX"
chr2,199470605,199471789,"HO10398_XY,HO15783_PG,HO21643_XX",3,"XX+XY, PG+XX"
chr2,216606342,216607384,"HO10466_XY,HO15893_PG,HO21789_XX",3,"XX+XY, PG+XX"
chr2,216694113,216694730,"HO10469_XY,HO15898_PG,HO21796_XX",3,"XX+XY, PG+XX"
chr2,219285574,219286798,"HO10512_XY,HO15965_PG,HO21896_XX",3,"XX+XY, PG+XX"
chr2,219483935,219485437,"HO10519_XY,HO15978_PG,HO21911_XX",3,"XX+XY, PG+XX"
chr2,219521998,219523337,"HO10523_XY,HO15982_PG,HO21917_XX",3,"XX+XY, PG+XX"
chr2,219576487,219577431,"HO10528_XY,HO15072_PS,HO21924_XX",3,"XX+XY, PS+XY"
chr2,228506674,228508628,"HO10554_XY,HO16037_PG,HO21986_XX",3,"XX+XY, PG+XX"
chr2,229129561,229130967,"HO10555_XY,HO15110_PS,HO21987_XX",3,"XX+XY, PS+XY"
chr2,230627578,230628961,"HO10560_XY,HO16045_PG,HO21999_XX",3,"XX+XY, PG+XX"
chr2,230868875,230871290,"HO10564_XY,HO16050_PG,HO22008_XX",3,"XX+XY, PG+XX"
chr2,231672417,231673724,"HO10579_XY,HO16075_PG,HO22037_XX",3,"XX+XY, PG+XX"
chr2,234334753,234336240,"HO10602_XY,HO15181_PS,HO22086_XX",3,"XX+XY, PS+XY"
chr2,234771495,234773226,"HO10604_XY,HO22089_XX",2,XX+XY
chr2,236163672,236164857,"HO10609_XY,HO16134_PG,HO22124_XX",3,"XX+XY, PG+XX"
chr2,236507033,236508020,"HO10611_XY,HO16138_PG,HO22131_XX",3,"XX+XY, PG+XX"
chr2,237290081,237291929,"HO10615_XY,HO16144_PG,HO22142_XX",3,"XX+XY, PG+XX"
chr2,238119922,238121144,"HO10625_XY,HO16162_PG,HO22172_XX",3,"XX+XY, PG+XX"
chr2,239239339,239241060,"HO10634_XY,HO15234_PS,HO22197_XX",3,"XX+XY, PS+XY"
chr2,239308456,239310059,"HO10635_XY,HO16180_PG,HO22200_XX",3,"XX+XY, PG+XX"
chr2,241865813,241866950,"HO10671_XY,HO16244_PG,HO22291_XX",3,"XX+XY, PG+XX"
chr20,611146,612383,"HO10687_XY,HO16266_PG,HO22322_XX",3,"XX+XY, PG+XX"
chr20,3731719,3733707,"HO10725_XY,HO16314_PG,HO22395_XX",3,"XX+XY, PG+XX"
chr20,3777442,3778637,"HO10727_XY,HO16317_PG,HO22400_XX",3,"XX+XY, PG+XX"
chr20,3799242,3800363,"HO10731_XY,HO16321_PG,HO22404_XX",3,"XX+XY, PG+XX"
chr20,5662657,5663872,"HO10748_XY,HO16346_PG,HO22445_XX",3,"XX+XY, PG+XX"
chr20,6053527,6054670,"HO10754_XY,HO16355_PG,HO22456_XX",3,"XX+XY, PG+XX"
chr20,8431141,8433564,"HO10759_XY,HO16366_PG,HO22469_XX",3,"XX+XY, PG+XX"
chr20,21702623,21703536,"HO10801_XY,HO16449_PG,HO22580_XX",3,"XX+XY, PG+XX"
chr20,22582614,22585503,"HO10802_XY,HO15493_PS,HO22582_XX",3,"XX+XY, PS+XY"
chr20,30288986,30290887,"HO10824_XY,HO16483_PG,HO22637_XX",3,"XX+XY, PG+XX"
chr20,31608026,31608889,"HO10831_XY,HO16494_PG,HO22652_XX",3,"XX+XY, PG+XX"
chr20,32604971,32606373,"HO10855_XY,HO16528_PG,HO22697_XX",3,"XX+XY, PG+XX"
chr20,34639268,34640455,"HO10879_XY,HO16568_PG,HO22748_XX",3,"XX+XY, PG+XX"
chr20,35466918,35467961,"HO10896_XY,HO22780_XX",2,XX+XY
chr20,36571402,36572036,"HO10913_XY,HO16619_PG,HO22813_XX",3,"XX+XY, PG+XX"
chr20,37395934,37396949,"HO10928_XY,HO22845_XX",2,XX+XY
chr20,38164668,38165928,"HO10933_XY,HO16651_PG,HO22865_XX",3,"XX+XY, PG+XX"
chr20,40687363,40688070,"HO10943_XY,HO16664_PG,HO22887_XX",3,"XX+XY, PG+XX"
chr20,46894272,46896157,"HO10999_XY,HO16755_PG,HO23017_XX",3,"XX+XY, PG+XX"
chr20,49347615,49348196,"HO11011_XY,HO23075_XX",2,XX+XY
chr20,49567475,49569083,"HO11014_XY,HO16785_PG,HO23078_XX",3,"XX+XY, PG+XX"
chr20,50106991,50108103,"HO11020_XY,HO15867_PS,HO23101_XX",3,"XX+XY, PS+XY"
chr20,50171309,50173014,"HO11025_XY,HO16800_PG,HO23107_XX",3,"XX+XY, PG+XX"
chr20,50628106,50629210,"HO11028_XY,HO23122_XX",2,XX+XY
chr20,52103358,52106651,"HO11043_XY,HO16835_PG,HO23166_XX",3,"XX+XY, PG+XX"
chr20,52409824,52411373,"HO11045_XY,HO16838_PG,HO23169_XX",3,"XX+XY, PG+XX"
chr20,56629662,56631206,"HO11056_XY,HO16860_PG,HO23197_XX",3,"XX+XY, PG+XX"
chr20,57265196,57267242,"HO11057_XY,HO16862_PG,HO23201_XX",3,"XX+XY, PG+XX"
chr20,58395260,58396371,"HO11065_XY,HO23224_XX",2,XX+XY
chr20,58514119,58515575,"HO11066_XY,HO16875_PG,HO23229_XX",3,"XX+XY, PG+XX"
chr20,59402200,59404737,"HO11077_XY,HO16892_PG,HO23255_XX",3,"XX+XY, PG+XX"
chr20,61951641,61952475,"HO11082_XY,HO16905_PG,HO23286_XX",3,"XX+XY, PG+XX"
chr20,63006045,63007269,"HO11115_XY,HO16959_PG,HO23363_XX",3,"XX+XY, PG+XX"
chr20,63252999,63255305,"HO11118_XY,HO16966_PG,HO23374_XX",3,"XX+XY, PG+XX"
chr20,63853924,63855947,"HO11134_XY,HO16993_PG,HO23417_XX",3,"XX+XY, PG+XX"
chr20,63857141,63859216,"HO11135_XY,HO16994_PG,HO23418_XX",3,"XX+XY, PG+XX"
chr20,64101715,64103063,"HO11149_XY,HO17008_PG,HO23437_XX",3,"XX+XY, PG+XX"
chr21,17454011,17455243,"HO11158_XY,HO17027_PG,HO23462_XX",3,"XX+XY, PG+XX"
chr21,25561356,25562655,"HO11165_XY,HO23475_XX",2,XX+XY
chr21,26571815,26573417,"HO11170_XY,HO17043_PG,HO23483_XX",3,"XX+XY, PG+XX"
chr21,34723811,34725143,"HO11212_XY,HO17101_PG,HO23565_XX",3,"XX+XY, PG+XX"
chr21,37710095,37712489,"HO11232_XY,HO23615_XX",2,XX+XY
chr21,37915502,37917059,"HO11233_XY,HO17140_PG,HO23617_XX",3,"XX+XY, PG+XX"
chr21,38660079,38662420,"HO11234_XY,HO17142_PG,HO23620_XX",3,"XX+XY, PG+XX"
chr21,38912728,38913831,"HO11236_XY,HO17145_PG,HO23624_XX",3,"XX+XY, PG+XX"
chr21,39612223,39613800,"HO11244_XY,HO17158_PG,HO23640_XX",3,"XX+XY, PG+XX"
chr21,41506637,41508754,"HO11248_XY,HO23658_XX",2,XX+XY
chr21,42673758,42675699,"HO11257_XY,HO17189_PG,HO23694_XX",3,"XX+XY, PG+XX"
chr21,44306744,44307853,"HO11271_XY,HO16259_PS,HO23746_XX",3,"XX+XY, PS+XY"
chr21,45420068,45421956,"HO11285_XY,HO16284_PS,HO23794_XX",3,"XX+XY, PS+XY"
chr21,45430318,45431337,"HO11286_XY,HO17246_PG,HO23795_XX",3,"XX+XY, PG+XX"
chr21,46064814,46067451,"HO11294_XY,HO17262_PG,HO23819_XX",3,"XX+XY, PG+XX"
chr21,46097057,46099824,"HO11295_XY,HO17263_PG,HO23820_XX",3,"XX+XY, PG+XX"
chr21,46297093,46298339,"HO11300_XY,HO17270_PG,HO23829_XX",3,"XX+XY, PG+XX"
chr22,17260016,17261328,"HO11311_XY,HO23845_XX",2,XX+XY
chr22,17263961,17265191,"HO11312_XY,HO17283_PG,HO23846_XX",3,"XX+XY, PG+XX"
chr22,18970063,18971320,"HO11323_XY,HO17302_PG,HO23876_XX",3,"XX+XY, PG+XX"
chr22,19880612,19882184,"HO11340_XY,HO17324_PG,HO23907_XX",3,"XX+XY, PG+XX"
chr22,19891239,19892930,"HO11341_XY,HO17325_PG,HO23908_XX",3,"XX+XY, PG+XX"
chr22,20013067,20013726,"HO11345_XY,HO17332_PG,HO23921_XX",3,"XX+XY, PG+XX"
chr22,20238064,20239632,"HO11351_XY,HO17339_PG,HO23934_XX",3,"XX+XY, PG+XX"
chr22,21102402,21103325,"HO11370_XY,HO16401_PS,HO23978_XX",3,"XX+XY, PS+XY"
chr22,23772362,23773889,"HO11400_XY,HO17418_PG,HO24039_XX",3,"XX+XY, PG+XX"
chr22,25475174,25476264,"HO11420_XY,HO17446_PG,HO24088_XX",3,"XX+XY, PG+XX"
chr22,28033981,28035899,"HO11432_XY,HO17474_PG,HO24141_XX",3,"XX+XY, PG+XX"
chr22,29733070,29734443,"HO11451_XY,HO17513_PG,HO24194_XX",3,"XX+XY, PG+XX"
chr22,29871068,29872532,"HO11454_XY,HO24199_XX",2,XX+XY
chr22,30238022,30239494,"HO11456_XY,HO17521_PG,HO24206_XX",3,"XX+XY, PG+XX"
chr22,30675234,30675910,"HO11469_XY,HO16578_PS,HO24229_XX",3,"XX+XY, PS+XY"
chr22,32880562,32881672,"HO11494_XY,HO17568_PG,HO24275_XX",3,"XX+XY, PG+XX"
chr22,36451388,36452308,"HO11511_XY,HO16642_PS,HO24335_XX",3,"XX+XY, PS+XY"
chr22,37068665,37069656,"HO11522_XY,HO24358_XX",2,XX+XY
chr22,37740538,37741655,"HO11539_XY,HO17655_PG,HO24401_XX",3,"XX+XY, PG+XX"
chr22,39019898,39022320,"HO11577_XY,HO16744_PS,HO24482_XX",3,"XX+XY, PS+XY"
chr22,39113709,39115619,"HO11579_XY,HO17713_PG,HO24488_XX",3,"XX+XY, PG+XX"
chr22,39252810,39253975,"HO11583_XY,HO17718_PG,HO24499_XX",3,"XX+XY, PG+XX"
chr22,41048406,41049798,"HO11606_XY,HO17760_PG,HO24555_XX",3,"XX+XY, PG+XX"
chr22,42303228,42304580,"HO11639_XY,HO17807_PG,HO24615_XX",3,"XX+XY, PG+XX"
chr22,42347060,42348129,"HO11641_XY,HO17810_PG,HO24619_XX",3,"XX+XY, PG+XX"
chr22,43103306,43104579,"HO11656_XY,HO24654_XX",2,XX+XY
chr22,43225806,43227628,"HO11661_XY,HO17839_PG,HO24661_XX",3,"XX+XY, PG+XX"
chr22,43262948,43264557,"HO11663_XY,HO17843_PG,HO24666_XX",3,"XX+XY, PG+XX"
chr22,43410961,43413108,"HO11667_XY,HO17848_PG,HO24673_XX",3,"XX+XY, PG+XX"
chr22,44667819,44669437,"HO11676_XY,HO17865_PG,HO24707_XX",3,"XX+XY, PG+XX"
chr22,44728582,44730447,"HO11679_XY,HO17869_PG,HO24714_XX",3,"XX+XY, PG+XX"
chr22,44736727,44738712,"HO11680_XY,HO17870_PG,HO24716_XX",3,"XX+XY, PG+XX"
chr22,46087503,46089136,"HO11700_XY,HO17909_PG,HO24769_XX",3,"XX+XY, PG+XX"
chr22,46136155,46137420,"HO11702_XY,HO24773_XX",2,XX+XY
chr22,48488727,48491061,"HO11713_XY,HO17937_PG,HO24823_XX",3,"XX+XY, PG+XX"
chr22,48574721,48577097,"HO11714_XY,HO17939_PG,HO24827_XX",3,"XX+XY, PG+XX"
chr22,49966842,49968349,"HO11720_XY,HO17950_PG,HO24854_XX",3,"XX+XY, PG+XX"
chr22,50057764,50060369,"HO11722_XY,HO17953_PG,HO24859_XX",3,"XX+XY, PG+XX"
chr22,50544001,50544525,"HO11737_XY,HO17981_PG,HO24893_XX",3,"XX+XY, PG+XX"
chr22,50704717,50706298,"HO11744_XY,HO17990_PG,HO24904_XX",3,"XX+XY, PG+XX"
chr3,11508097,11510750,"HO11792_XY,HO18073_PG,HO25013_XX",3,"XX+XY, PG+XX"
chr3,13041926,13043301,"HO11811_XY,HO25057_XX",2,XX+XY
chr3,13654840,13655725,"HO11818_XY,HO18114_PG,HO25076_XX",3,"XX+XY, PG+XX"
chr3,14216013,14217073,"HO11823_XY,HO18119_PG,HO25084_XX",3,"XX+XY, PG+XX"
chr3,14810023,14812428,"HO11826_XY,HO18132_PG,HO25106_XX",3,"XX+XY, PG+XX"
chr3,16864430,16867555,"HO11838_XY,HO18152_PG,HO25131_XX",3,"XX+XY, PG+XX"
chr3,18160954,18162076,"HO11842_XY,HO18157_PG,HO25139_XX",3,"XX+XY, PG+XX"
chr3,35664131,35665579,"HO11895_XY,HO18234_PG,HO25237_XX",3,"XX+XY, PG+XX"
chr3,45182782,45183751,"HO11966_XY,HO17308_PS,HO25371_XX",3,"XX+XY, PS+XY"
chr3,46498394,46499712,"HO11974_XY,HO18350_PG,HO25397_XX",3,"XX+XY, PG+XX"
chr3,47841003,47842977,"HO11997_XY,HO18382_PG,HO25440_XX",3,"XX+XY, PG+XX"
chr3,48594352,48596086,"HO12010_XY,HO18404_PG,HO25467_XX",3,"XX+XY, PG+XX"
chr3,48598221,48599272,"HO12011_XY,HO18405_PG,HO25468_XX",3,"XX+XY, PG+XX"
chr3,50156443,50157445,"HO12055_XY,HO18458_PG,HO25528_XX",3,"XX+XY, PG+XX"
chr3,50165100,50167776,"HO12056_XY,HO25529_XX",2,XX+XY
chr3,50515327,50517016,"HO12073_XY,HO18483_PG,HO25561_XX",3,"XX+XY, PG+XX"
chr3,57787776,57789364,"HO12139_XY,HO18577_PG,HO25683_XX",3,"XX+XY, PG+XX"
chr3,57821193,57822770,"HO12140_XY,HO18578_PG,HO25684_XX",3,"XX+XY, PG+XX"
chr3,58565534,58566801,"HO12150_XY,HO18597_PG,HO25705_XX",3,"XX+XY, PG+XX"
chr3,59185377,59186909,"HO12153_XY,HO25717_XX",2,XX+XY
chr3,62873280,62875558,"HO12158_XY,HO18615_PG,HO25735_XX",3,"XX+XY, PG+XX"
chr3,64238767,64239699,"HO12162_XY,HO18620_PG,HO25746_XX",3,"XX+XY, PG+XX"
chr3,72268488,72270613,"HO12188_XY,HO17633_PS,HO25820_XX",3,"XX+XY, PS+XY"
chr3,72306683,72308021,"HO12189_XY,HO18670_PG,HO25822_XX",3,"XX+XY, PG+XX"
chr3,74841550,74842956,"HO12199_XY,HO25850_XX",2,XX+XY
chr3,75670907,75672744,"HO12204_XY,HO18699_PG,HO25861_XX",3,"XX+XY, PG+XX"
chr3,87792149,87793648,"HO12216_XY,HO18718_PG,HO25881_XX",3,"XX+XY, PG+XX"
chr3,89107083,89108527,"HO12219_XY,HO18721_PG,HO25885_XX",3,"XX+XY, PG+XX"
chr3,99636889,99639089,"HO12234_XY,HO18741_PG,HO25908_XX",3,"XX+XY, PG+XX"
chr3,100023093,100025336,"HO12237_XY,HO18746_PG,HO25913_XX",3,"XX+XY, PG+XX"
chr3,112639982,112641719,"HO12273_XY,HO18803_PG,HO25994_XX",3,"XX+XY, PG+XX"
chr3,113240809,113242610,"HO12277_XY,HO18811_PG,HO26003_XX",3,"XX+XY, PG+XX"
chr3,125211588,125213672,"HO12333_XY,HO18912_PG,HO26132_XX",3,"XX+XY, PG+XX"
chr3,126528496,126529598,"HO12349_XY,HO17852_PS,HO26156_XX",3,"XX+XY, PS+XY"
chr3,128863961,128865909,"HO12374_XY,HO26225_XX",2,XX+XY
chr3,130661134,130663086,"HO12395_XY,HO26272_XX",2,XX+XY
chr3,141076101,141077745,"HO12449_XY,HO19088_PG,HO26383_XX",3,"XX+XY, PG+XX"
chr3,148697411,148698790,"HO12473_XY,HO19123_PG,HO26435_XX",3,"XX+XY, PG+XX"
chr3,154427565,154429282,"HO12492_XY,HO18078_PS,HO26476_XX",3,"XX+XY, PS+XY"
chr3,155109932,155111760,"HO12494_XY,HO26479_XX",2,XX+XY
chr3,157127892,157131020,"HO12504_XY,HO18096_PS,HO26496_XX,HO26497_XX",4,"XX+XY, PS+XY"
chr3,178260495,178261851,"HO12557_XY,HO19248_PG,HO26594_XX",3,"XX+XY, PG+XX"
chr3,183341057,183342452,"HO12581_XY,HO18208_PS,HO26641_XX",3,"XX+XY, PS+XY"
chr3,183433604,183435653,"HO12583_XY,HO19284_PG,HO26644_XX",3,"XX+XY, PG+XX"
chr3,184910952,184912735,"HO12614_XY,HO19327_PG,HO26698_XX",3,"XX+XY, PG+XX"
chr3,186896547,186897783,"HO12634_XY,HO26744_XX",2,XX+XY
chr3,192726890,192728135,"HO12648_XY,HO19388_PG,HO26789_XX",3,"XX+XY, PG+XX"
chr3,195884698,195887338,"HO12674_XY,HO26871_XX",2,XX+XY
chr3,196186307,196187408,"HO12680_XY,HO19450_PG,HO26884_XX",3,"XX+XY, PG+XX"
chr4,304124,305741,"HO12712_XY,HO19488_PG,HO26931_XX",3,"XX+XY, PG+XX"
chr4,656631,659308,"HO12717_XY,HO19493_PG,HO26937_XX",3,"XX+XY, PG+XX"
chr4,791682,792811,"HO12722_XY,HO19502_PG,HO26951_XX",3,"XX+XY, PG+XX"
chr4,815241,816279,"HO12723_XY,HO18435_PS,HO26953_XX",3,"XX+XY, PS+XY"
chr4,1019261,1020368,"HO12729_XY,HO19510_PG,HO26966_XX",3,"XX+XY, PG+XX"
chr4,1960135,1962170,"HO12742_XY,HO18463_PS,HO27011_XX",3,"XX+XY, PS+XY"
chr4,3387656,3389465,"HO12767_XY,HO27070_XX",2,XX+XY
chr4,4852380,4853703,"HO12777_XY,HO19606_PG,HO27119_XX",3,"XX+XY, PG+XX"
chr4,5050425,5052503,"HO12779_XY,HO19611_PG,HO27126_XX",3,"XX+XY, PG+XX"
chr4,5708035,5709312,"HO12781_XY,HO19614_PG,HO27128_XX",3,"XX+XY, PG+XX"
chr4,5886987,5889024,"HO12783_XY,HO19616_PG,HO27130_XX",3,"XX+XY, PG+XX"
chr4,6470306,6472989,"HO12789_XY,HO19630_PG,HO27153_XX",3,"XX+XY, PG+XX"
chr4,6493253,6494296,"HO12790_XY,HO27154_XX",2,XX+XY
chr4,7956226,7957637,"HO12806_XY,HO19663_PG,HO27215_XX",3,"XX+XY, PG+XX"
chr4,8198305,8199475,"HO12810_XY,HO19674_PG,HO27230_XX",3,"XX+XY, PG+XX"
chr4,8205146,8206693,"HO12811_XY,HO19675_PG,HO27231_XX",3,"XX+XY, PG+XX"
chr4,8939205,8940628,"HO12816_XY,HO19693_PG,HO27262_XX",3,"XX+XY, PG+XX"
chr4,16897961,16899275,"HO12835_XY,HO27312_XX",2,XX+XY
chr4,17094047,17095288,"HO12836_XY,HO18619_PS,HO27313_XX",3,"XX+XY, PS+XY"
chr4,43990448,43991870,"HO12905_XY,HO19835_PG,HO27450_XX",3,"XX+XY, PG+XX"
chr4,44056458,44057368,"HO12906_XY,HO19837_PG,HO27452_XX",3,"XX+XY, PG+XX"
chr4,46123017,46125389,"HO12910_XY,HO19842_PG,HO27458_XX",3,"XX+XY, PG+XX"
chr4,46992317,46994420,"HO12912_XY,HO19844_PG,HO27460_XX",3,"XX+XY, PG+XX"
chr4,52657316,52658472,"HO12928_XY,HO19862_PG,HO27480_XX",3,"XX+XY, PG+XX"
chr4,52954195,52955252,"HO12935_XY,HO19870_PG,HO27490_XX",3,"XX+XY, PG+XX"
chr4,52956886,52958464,"HO12936_XY,HO19871_PG,HO27491_XX",3,"XX+XY, PG+XX"
chr4,54099484,54101110,"HO12942_XY,HO19878_PG,HO27505_XX",3,"XX+XY, PG+XX"
chr4,55124333,55126499,"HO12946_XY,HO19884_PG,HO27515_XX",3,"XX+XY, PG+XX"
chr4,56820949,56822107,"HO12963_XY,HO19909_PG,HO27541_XX",3,"XX+XY, PG+XX"
chr4,60934119,60935357,"HO12968_XY,HO19924_PG,HO27554_XX",3,"XX+XY, PG+XX"
chr4,67756442,67757975,"HO12973_XY,HO19936_PG,HO27566_XX",3,"XX+XY, PG+XX"
chr4,78336118,78337646,"HO13013_XY,HO19997_PG,HO27649_XX",3,"XX+XY, PG+XX"
chr4,86959507,86962008,"HO13048_XY,HO20049_PG,HO27721_XX",3,"XX+XY, PG+XX"
chr4,88737130,88738360,"HO13061_XY,HO20066_PG,HO27740_XX",3,"XX+XY, PG+XX"
chr4,91063717,91065137,"HO13066_XY,HO20075_PG,HO27749_XX",3,"XX+XY, PG+XX"
chr4,103718946,103720653,"HO13095_XY,HO20115_PG,HO27801_XX",3,"XX+XY, PG+XX"
chr4,108247359,108248777,"HO13112_XY,HO20141_PG,HO27833_XX",3,"XX+XY, PG+XX"
chr4,109046297,109047226,"HO13116_XY,HO20149_PG,HO27841_XX",3,"XX+XY, PG+XX"
chr4,110621981,110623397,"HO13126_XY,HO20162_PG,HO27859_XX",3,"XX+XY, PG+XX"
chr4,110636510,110637878,"HO13128_XY,HO20164_PG,HO27861_XX",3,"XX+XY, PG+XX"
chr4,116925331,116926628,"HO13139_XY,HO20181_PG,HO27881_XX",3,"XX+XY, PG+XX"
chr4,121379868,121381244,"HO13155_XY,HO20201_PG,HO27905_XX",3,"XX+XY, PG+XX"
chr4,133145900,133147221,"HO13182_XY,HO20240_PG,HO27952_XX",3,"XX+XY, PG+XX"
chr4,134200778,134202233,"HO13185_XY,HO20243_PG,HO27955_XX",3,"XX+XY, PG+XX"
chr4,142752016,142753232,"HO13210_XY,HO28021_XX",2,XX+XY
chr4,150581613,150584155,"HO13234_XY,HO20322_PG,HO28060_XX",3,"XX+XY, PG+XX"
chr4,153788166,153789442,"HO13251_XY,HO20352_PG,HO28096_XX",3,"XX+XY, PG+XX"
chr4,153791858,153793115,"HO13252_XY,HO20353_PG,HO28098_XX",3,"XX+XY, PG+XX"
chr4,173537661,173539416,"HO13307_XY,HO20434_PG,HO28210_XX",3,"XX+XY, PG+XX"
chr4,174216889,174218756,"HO13308_XY,HO20436_PG,HO28214_XX",3,"XX+XY, PG+XX"
chr4,174828596,174829843,"HO13311_XY,HO20439_PG,HO28217_XX",3,"XX+XY, PG+XX"
chr4,186554262,186555743,"HO13351_XY,HO20503_PG,HO28302_XX",3,"XX+XY, PG+XX"
chr5,529909,531812,"HO13367_XY,HO20526_PG,HO28342_XX",3,"XX+XY, PG+XX"
chr5,539100,541885,"HO13368_XY,HO20527_PG,HO28343_XX",3,"XX+XY, PG+XX"
chr5,963129,965101,"HO13374_XY,HO20536_PG,HO28355_XX",3,"XX+XY, PG+XX"
chr5,1227199,1228497,"HO13381_XY,HO19332_PS,HO28372_XX",3,"XX+XY, PS+XY"
chr5,1294237,1295939,"HO13383_XY,HO28374_XX",2,XX+XY
chr5,1930453,1932061,"HO13394_XY,HO20559_PG,HO28390_XX",3,"XX+XY, PG+XX"
chr5,2750442,2752306,"HO13396_XY,HO20562_PG,HO28398_XX",3,"XX+XY, PG+XX"
chr5,2755918,2757041,"HO13397_XY,HO28399_XX",2,XX+XY
chr5,10648916,10650314,"HO13416_XY,HO28452_XX",2,XX+XY
chr5,32711685,32713079,"HO13444_XY,HO20650_PG,HO28525_XX",3,"XX+XY, PG+XX"
chr5,33890157,33893170,"HO13446_XY,HO20653_PG,HO28530_XX",3,"XX+XY, PG+XX"
chr5,42991446,42994071,"HO13478_XY,HO20704_PG,HO28598_XX",3,"XX+XY, PG+XX"
chr5,43007204,43008887,"HO13480_XY,HO20706_PG,HO28601_XX",3,"XX+XY, PG+XX"
chr5,43017258,43018914,"HO13481_XY,HO20707_PG,HO28602_XX",3,"XX+XY, PG+XX"
chr5,56123118,56124328,"HO13519_XY,HO20754_PG,HO28660_XX",3,"XX+XY, PG+XX"
chr5,63553708,63555129,"HO13543_XY,HO20795_PG,HO28712_XX",3,"XX+XY, PG+XX"
chr5,63958684,63960416,"HO13544_XY,HO20797_PG,HO28714_XX",3,"XX+XY, PG+XX"
chr5,76952729,76954716,"HO13603_XY,HO19631_PS,HO28824_XX",3,"XX+XY, PS+XY"
chr5,80109553,80112515,"HO13622_XY,HO20910_PG,HO28868_XX",3,"XX+XY, PG+XX"
chr5,80179795,80182196,"HO13623_XY,HO20913_PG,HO28872_XX,HO28873_XX",4,"XX+XY, PG+XX"
chr5,80245590,80247804,"HO13625_XY,HO20918_PG,HO28879_XX",3,"XX+XY, PG+XX"
chr5,93571934,93573478,"HO13661_XY,HO20965_PG,HO28938_XX",3,"XX+XY, PG+XX"
chr5,100902542,100904038,"HO13685_XY,HO20996_PG,HO28979_XX",3,"XX+XY, PG+XX"
chr5,107807966,107809227,"HO13694_XY,HO28994_XX",2,XX+XY
chr5,109484525,109485375,"HO13699_XY,HO29001_XX",2,XX+XY
chr5,126519024,126520748,"HO13752_XY,HO21101_PG,HO29118_XX",3,"XX+XY, PG+XX"
chr5,129377009,129378143,"HO13763_XY,HO29144_XX",2,XX+XY
chr5,133938055,133939574,"HO13792_XY,HO21152_PG,HO29191_XX",3,"XX+XY, PG+XX"
chr5,135038742,135041170,"HO13811_XY,HO21178_PG,HO29223_XX",3,"XX+XY, PG+XX"
chr5,135534265,135536455,"HO13815_XY,HO21186_PG,HO29232_XX",3,"XX+XY, PG+XX"
chr5,135578042,135579600,"HO13816_XY,HO29235_XX",2,XX+XY
chr5,135929783,135931241,"HO13818_XY,HO21190_PG,HO29239_XX",3,"XX+XY, PG+XX"
chr5,136028571,136029653,"HO13819_XY,HO21191_PG,HO29240_XX",3,"XX+XY, PG+XX"
chr5,139667533,139668864,"HO13860_XY,HO21252_PG,HO29318_XX",3,"XX+XY, PG+XX"
chr5,141483898,141485912,"HO13894_XY,HO21298_PG,HO29374_XX",3,"XX+XY, PG+XX"
chr5,141493466,141496480,"HO13895_XY,HO20019_PS,HO29376_XX",3,"XX+XY, PS+XY"
chr5,141507383,141509382,"HO13896_XY,HO21299_PG,HO29377_XX",3,"XX+XY, PG+XX"
chr5,141557440,141558609,"HO13899_XY,HO20024_PS,HO29380_XX",3,"XX+XY, PS+XY"
chr5,141560197,141561182,"HO13900_XY,HO21302_PG,HO29381_XX",3,"XX+XY, PG+XX"
chr5,142825009,142826047,"HO13918_XY,HO20061_PS,HO29419_XX",3,"XX+XY, PS+XY"
chr5,142898910,142901277,"HO13919_XY,HO21331_PG,HO29422_XX",3,"XX+XY, PG+XX"
chr5,143914302,143915939,"HO13921_XY,HO21333_PG,HO29426_XX",3,"XX+XY, PG+XX"
chr5,150143360,150145150,"HO13947_XY,HO21379_PG,HO29482_XX",3,"XX+XY, PG+XX"
chr5,150301915,150303547,"HO13949_XY,HO21381_PG,HO29487_XX",3,"XX+XY, PG+XX"
chr5,150800680,150801918,"HO13961_XY,HO21406_PG,HO29515_XX",3,"XX+XY, PG+XX"
chr5,154477326,154478537,"HO13981_XY,HO21431_PG,HO29553_XX",3,"XX+XY, PG+XX"
chr5,156686328,156688060,"HO13989_XY,HO29575_XX",2,XX+XY
chr5,167572991,167574828,"HO14014_XY,HO21494_PG,HO29647_XX",3,"XX+XY, PG+XX"
chr5,167945221,167946464,"HO14015_XY,HO21496_PG,HO29649_XX",3,"XX+XY, PG+XX"
chr5,172683135,172684556,"HO14035_XY,HO20260_PS,HO29722_XX",3,"XX+XY, PS+XY"
chr5,176742984,176743826,"HO14079_XY,HO21614_PG,HO29842_XX",3,"XX+XY, PG+XX"
chr5,179612475,179614082,"HO14120_XY,HO21676_PG,HO29925_XX",3,"XX+XY, PG+XX"
chr6,1613906,1615580,"HO14159_XY,HO21728_PG,HO30002_XX",3,"XX+XY, PG+XX"
chr6,1623943,1625550,"HO14160_XY,HO21729_PG,HO30003_XX",3,"XX+XY, PG+XX"
chr6,1903220,1904907,"HO14161_XY,HO21732_PG,HO30007_XX",3,"XX+XY, PG+XX"
chr6,3612062,3613059,"HO14186_XY,HO21762_PG,HO30050_XX",3,"XX+XY, PG+XX"
chr6,5213843,5215387,"HO14197_XY,HO30072_XX",2,XX+XY
chr6,5995770,5997782,"HO14200_XY,HO21780_PG,HO30077_XX",3,"XX+XY, PG+XX"
chr6,6006744,6009417,"HO14201_XY,HO21781_PG,HO30080_XX",3,"XX+XY, PG+XX"
chr6,11474184,11475525,"HO14230_XY,HO20543_PS,HO30145_XX",3,"XX+XY, PS+XY"
chr6,15088800,15091086,"HO14247_XY,HO30193_XX",2,XX+XY
chr6,26304559,26305953,"HO14314_XY,HO21968_PG,HO30332_XX",3,"XX+XY, PG+XX"
chr6,26321816,26323240,"HO14316_XY,HO21970_PG,HO30334_XX",3,"XX+XY, PG+XX"
chr6,27494772,27496457,"HO14348_XY,HO30377_XX",2,XX+XY
chr6,27502324,27504058,"HO14349_XY,HO22008_PG,HO30378_XX",3,"XX+XY, PG+XX"
chr6,27605004,27606298,"HO14352_XY,HO30380_XX",2,XX+XY
chr6,27616687,27618531,"HO14353_XY,HO22010_PG,HO30381_XX",3,"XX+XY, PG+XX"
chr6,27630405,27631910,"HO14354_XY,HO22011_PG,HO30382_XX",3,"XX+XY, PG+XX"
chr6,28588776,28590263,"HO14392_XY,HO22054_PG,HO30431_XX",3,"XX+XY, PG+XX"
chr6,28673424,28674766,"HO14397_XY,HO22059_PG,HO30436_XX",3,"XX+XY, PG+XX"
chr6,28880307,28881619,"HO14401_XY,HO22068_PG,HO30445_XX",3,"XX+XY, PG+XX"
chr6,28939963,28941872,"HO14404_XY,HO22071_PG,HO30448_XX",3,"XX+XY, PG+XX"
chr6,30071152,30071718,"HO14419_XY,HO22094_PG,HO30473_XX",3,"XX+XY, PG+XX"
chr6,30171417,30172599,"HO14421_XY,HO22097_PG,HO30479_XX",3,"XX+XY, PG+XX"
chr6,33771016,33772244,"HO14520_XY,HO22236_PG,HO30658_XX",3,"XX+XY, PG+XX"
chr6,36765050,36766505,"HO14562_XY,HO22301_PG,HO30768_XX",3,"XX+XY, PG+XX"
chr6,37136984,37138466,"HO14571_XY,HO22317_PG,HO30791_XX",3,"XX+XY, PG+XX"
chr6,40670826,40672477,"HO14592_XY,HO22362_PG,HO30852_XX",3,"XX+XY, PG+XX"
chr6,41256461,41258237,"HO14595_XY,HO22366_PG,HO30858_XX",3,"XX+XY, PG+XX"
chr6,41560059,41561719,"HO14602_XY,HO22380_PG,HO30877_XX",3,"XX+XY, PG+XX"
chr6,41939005,41940166,"HO14610_XY,HO22394_PG,HO30892_XX",3,"XX+XY, PG+XX"
chr6,42136227,42137889,"HO14616_XY,HO22402_PG,HO30902_XX",3,"XX+XY, PG+XX"
chr6,42770462,42771700,"HO14625_XY,HO22414_PG,HO30918_XX",3,"XX+XY, PG+XX"
chr6,54010444,54011545,"HO14701_XY,HO31077_XX",2,XX+XY
chr6,54845982,54847779,"HO14702_XY,HO22528_PG,HO31078_XX",3,"XX+XY, PG+XX"
chr6,61585699,61587642,"HO14713_XY,HO22542_PG,HO31095_XX",3,"XX+XY, PG+XX"
chr6,72619847,72620729,"HO14728_XY,HO22564_PG,HO31119_XX",3,"XX+XY, PG+XX"
chr6,79599477,79601275,"HO14751_XY,HO22599_PG,HO31164_XX",3,"XX+XY, PG+XX"
chr6,84074283,84075723,"HO14770_XY,HO22623_PG,HO31191_XX",3,"XX+XY, PG+XX"
chr6,88518835,88520422,"HO14787_XY,HO22646_PG,HO31221_XX",3,"XX+XY, PG+XX"
chr6,99602426,99604073,"HO14821_XY,HO22697_PG,HO31284_XX",3,"XX+XY, PG+XX"
chr6,100446246,100449588,"HO14823_XY,HO22701_PG,HO31291_XX",3,"XX+XY, PG+XX"
chr6,101403235,101404315,"HO14828_XY,HO22708_PG,HO31299_XX",3,"XX+XY, PG+XX"
chr6,104956680,104959059,"HO14832_XY,HO31302_XX",2,XX+XY
chr6,118708801,118710322,"HO14908_XY,HO22828_PG,HO31448_XX",3,"XX+XY, PG+XX"
chr6,122995622,122997147,"HO14919_XY,HO22847_PG,HO31473_XX",3,"XX+XY, PG+XX"
chr6,133888654,133890234,"HO14950_XY,HO22900_PG,HO31537_XX",3,"XX+XY, PG+XX"
chr6,135474868,135475927,"HO14958_XY,HO21542_PS,HO31553_XX",3,"XX+XY, PS+XY"
chr6,136988804,136990340,"HO14966_XY,HO22923_PG,HO31565_XX",3,"XX+XY, PG+XX"
chr6,148971548,148972923,"HO15005_XY,HO22994_PG,HO31665_XX",3,"XX+XY, PG+XX"
chr6,163964873,163966396,"HO15075_XY,HO23113_PG,HO31850_XX",3,"XX+XY, PG+XX"
chr6,168156906,168158898,"HO15091_XY,HO23148_PG,HO31907_XX",3,"XX+XY, PG+XX"
chr6,168376827,168378226,"HO15093_XY,HO23151_PG,HO31918_XX",3,"XX+XY, PG+XX"
chr6,169961284,169962540,"HO15100_XY,HO23162_PG,HO31940_XX",3,"XX+XY, PG+XX"
chr6,170066799,170067778,"HO15101_XY,HO23164_PG,HO31943_XX",3,"XX+XY, PG+XX"
chr7,1053854,1055609,"HO15126_XY,HO23212_PG,HO32029_XX",3,"XX+XY, PG+XX"
chr7,1669662,1670941,"HO15140_XY,HO23232_PG,HO32059_XX",3,"XX+XY, PG+XX"
chr7,1693268,1695044,"HO15141_XY,HO23233_PG,HO32060_XX",3,"XX+XY, PG+XX"
chr7,1712953,1714691,"HO15142_XY,HO21822_PS,HO32061_XX",3,"XX+XY, PS+XY"
chr7,1842244,1843971,"HO15143_XY,HO32065_XX",2,XX+XY
chr7,4143900,4145569,"HO15161_XY,HO23269_PG,HO32126_XX",3,"XX+XY, PG+XX"
chr7,4159050,4160405,"HO15162_XY,HO21853_PS,HO32127_XX",3,"XX+XY, PS+XY"
chr7,4791817,4793130,"HO15167_XY,HO23277_PG,HO32136_XX",3,"XX+XY, PG+XX"
chr7,5477433,5479528,"HO15180_XY,HO23296_PG,HO32163_XX",3,"XX+XY, PG+XX"
chr7,6171129,6173295,"HO15200_XY,HO23326_PG,HO32195_XX",3,"XX+XY, PG+XX"
chr7,6530737,6531615,"HO15209_XY,HO23337_PG,HO32207_XX",3,"XX+XY, PG+XX"
chr7,6663578,6664790,"HO15214_XY,HO23343_PG,HO32214_XX",3,"XX+XY, PG+XX"
chr7,10707015,10708754,"HO15224_XY,HO23356_PG,HO32229_XX",3,"XX+XY, PG+XX"
chr7,22549184,22550884,"HO15254_XY,HO23415_PG,HO32305_XX",3,"XX+XY, PG+XX"
chr7,23723520,23724787,"HO15268_XY,HO23436_PG,HO32329_XX",3,"XX+XY, PG+XX"
chr7,25854471,25855357,"HO15276_XY,HO23450_PG,HO32352_XX",3,"XX+XY, PG+XX"
chr7,27155739,27157208,"HO15291_XY,HO23469_PG,HO32378_XX",3,"XX+XY, PG+XX"
chr7,27164995,27166795,"HO15293_XY,HO32380_XX",2,XX+XY
chr7,27172694,27174691,"HO15294_XY,HO23471_PG,HO32383_XX",3,"XX+XY, PG+XX"
chr7,29189532,29190959,"HO15305_XY,HO23497_PG,HO32419_XX",3,"XX+XY, PG+XX"
chr7,31051740,31053439,"HO15322_XY,HO23526_PG,HO32465_XX",3,"XX+XY, PG+XX"
chr7,32761160,32763448,"HO15327_XY,HO23538_PG,HO32477_XX",3,"XX+XY, PG+XX"
chr7,39413646,39414944,"HO15349_XY,HO23589_PG,HO32550_XX",3,"XX+XY, PG+XX"
chr7,42492917,42494464,"HO15359_XY,HO23606_PG,HO32572_XX",3,"XX+XY, PG+XX"
chr7,43734399,43735297,"HO15367_XY,HO23621_PG,HO32591_XX",3,"XX+XY, PG+XX"
chr7,44103720,44105826,"HO15377_XY,HO23633_PG,HO32605_XX",3,"XX+XY, PG+XX"
chr7,46953470,46955231,"HO15400_XY,HO23657_PG,HO32651_XX",3,"XX+XY, PG+XX"
chr7,47582916,47583980,"HO15408_XY,HO23674_PG,HO32679_XX",3,"XX+XY, PG+XX"
chr7,50781294,50783456,"HO15415_XY,HO23686_PG,HO32696_XX",3,"XX+XY, PG+XX"
chr7,70595234,70596775,"HO15468_XY,HO23771_PG,HO32810_XX",3,"XX+XY, PG+XX"
chr7,73742319,73743582,"HO15486_XY,HO23805_PG,HO32854_XX",3,"XX+XY, PG+XX"
chr7,74371048,74373133,"HO15496_XY,HO23817_PG,HO32876_XX",3,"XX+XY, PG+XX"
chr7,76423039,76424336,"HO15523_XY,HO23857_PG,HO32929_XX",3,"XX+XY, PG+XX"
chr7,84194263,84196471,"HO15536_XY,HO23883_PG,HO32958_XX",3,"XX+XY, PG+XX"
chr7,93574158,93575913,"HO15571_XY,HO23926_PG,HO33011_XX",3,"XX+XY, PG+XX"
chr7,94275566,94277788,"HO15575_XY,HO23931_PG,HO33016_XX",3,"XX+XY, PG+XX"
chr7,97015998,97017311,"HO15589_XY,HO33039_XX",2,XX+XY
chr7,97731243,97734149,"HO15591_XY,HO23952_PG,HO33047_XX",3,"XX+XY, PG+XX"
chr7,98801711,98802613,"HO15599_XY,HO33057_XX",2,XX+XY
chr7,100489046,100490376,"HO15635_XY,HO33104_XX",2,XX+XY
chr7,101172012,101172934,"HO15661_XY,HO24041_PG,HO33150_XX",3,"XX+XY, PG+XX"
chr7,103161354,103163239,"HO15678_XY,HO22591_PS,HO33200_XX",3,"XX+XY, PS+XY"
chr7,105580893,105581790,"HO15691_XY,HO24101_PG,HO33221_XX",3,"XX+XY, PG+XX"
chr7,106009235,106010677,"HO15693_XY,HO22613_PS,HO33230_XX",3,"XX+XY, PS+XY"
chr7,113085565,113087991,"HO15715_XY,HO24134_PG,HO33276_XX",3,"XX+XY, PG+XX"
chr7,122687983,122689116,"HO15740_XY,HO24165_PG,HO33317_XX",3,"XX+XY, PG+XX"
chr7,128909435,128910873,"HO15775_XY,HO24214_PG,HO33383_XX",3,"XX+XY, PG+XX"
chr7,130272455,130274212,"HO15795_XY,HO24238_PG,HO33416_XX",3,"XX+XY, PG+XX"
chr7,130372863,130374304,"HO15797_XY,HO24240_PG,HO33419_XX",3,"XX+XY, PG+XX"
chr7,131557444,131558357,"HO15805_XY,HO33440_XX",2,XX+XY
chr7,133139172,133140207,"HO15808_XY,HO24266_PG,HO33465_XX",3,"XX+XY, PG+XX"
chr7,135928757,135931403,"HO15823_XY,HO24289_PG,HO33497_XX",3,"XX+XY, PG+XX"
chr7,136032617,136034385,"HO15825_XY,HO24291_PG,HO33499_XX",3,"XX+XY, PG+XX"
chr7,143884826,143885569,"HO15862_XY,HO24348_PG,HO33583_XX",3,"XX+XY, PG+XX"
chr7,148624632,148626239,"HO15867_XY,HO24360_PG,HO33599_XX",3,"XX+XY, PG+XX"
chr7,149414620,149415939,"HO15883_XY,HO33621_XX",2,XX+XY
chr7,151125423,151126983,"HO15918_XY,HO24425_PG,HO33675_XX",3,"XX+XY, PG+XX"
chr7,155252223,155254446,"HO15946_XY,HO33741_XX",2,XX+XY
chr7,155744405,155746024,"HO15951_XY,HO22971_PS,HO33756_XX",3,"XX+XY, PS+XY"
chr7,157432057,157433391,"HO15959_XY,HO24489_PG,HO33782_XX",3,"XX+XY, PG+XX"
chr7,157690359,157691443,"HO15962_XY,HO24495_PG,HO33788_XX",3,"XX+XY, PG+XX"
chr7,159143752,159145848,"HO15969_XY,HO24514_PG,HO33820_XX",3,"XX+XY, PG+XX"
chr8,736812,739357,"HO15975_XY,HO24521_PG,HO33827_XX",3,"XX+XY, PG+XX"
chr8,4993357,4995201,"HO15981_XY,HO24539_PG,HO33853_XX",3,"XX+XY, PG+XX"
chr8,6365884,6367263,"HO15982_XY,HO24540_PG,HO33854_XX",3,"XX+XY, PG+XX"
chr8,10729485,10731557,"HO15997_XY,HO24564_PG,HO33894_XX",3,"XX+XY, PG+XX"
chr8,11682669,11683442,"HO16009_XY,HO24583_PG,HO33923_XX",3,"XX+XY, PG+XX"
chr8,15236652,15238551,"HO16028_XY,HO24617_PG,HO33966_XX",3,"XX+XY, PG+XX"
chr8,17660972,17662483,"HO16039_XY,HO24631_PG,HO33982_XX",3,"XX+XY, PG+XX"
chr8,21027616,21029184,"HO16053_XY,HO24664_PG,HO34024_XX",3,"XX+XY, PG+XX"
chr8,22564799,22566324,"HO16073_XY,HO24694_PG,HO34062_XX",3,"XX+XY, PG+XX"
chr8,23714158,23715561,"HO16100_XY,HO24737_PG,HO34126_XX",3,"XX+XY, PG+XX"
chr8,29529071,29530838,"HO16137_XY,HO24793_PG,HO34205_XX",3,"XX+XY, PG+XX"
chr8,32219660,32220992,"HO16151_XY,HO24814_PG,HO34234_XX",3,"XX+XY, PG+XX"
chr8,33075285,33076803,"HO16153_XY,HO24820_PG,HO34241_XX",3,"XX+XY, PG+XX"
chr8,37478532,37480169,"HO16162_XY,HO24839_PG,HO34269_XX",3,"XX+XY, PG+XX"
chr8,37516518,37518017,"HO16163_XY,HO24842_PG,HO34273_XX",3,"XX+XY, PG+XX"
chr8,37637169,37638910,"HO16165_XY,HO34277_XX",2,XX+XY
chr8,37674809,37675930,"HO16166_XY,HO24845_PG,HO34278_XX",3,"XX+XY, PG+XX"
chr8,37699850,37701303,"HO16168_XY,HO24849_PG,HO34283_XX",3,"XX+XY, PG+XX"
chr8,38553095,38554747,"HO16188_XY,HO24886_PG,HO34326_XX",3,"XX+XY, PG+XX"
chr8,38573624,38574611,"HO16189_XY,HO34328_XX",2,XX+XY
chr8,38650263,38651515,"HO16190_XY,HO34331_XX",2,XX+XY
chr8,38734303,38735463,"HO16191_XY,HO24889_PG,HO34337_XX",3,"XX+XY, PG+XX"
chr8,38973379,38975222,"HO16196_XY,HO24897_PG,HO34345_XX",3,"XX+XY, PG+XX"
chr8,41645018,41647257,"HO16205_XY,HO24911_PG,HO34365_XX",3,"XX+XY, PG+XX"
chr8,41653133,41654685,"HO16206_XY,HO24912_PG,HO34366_XX",3,"XX+XY, PG+XX"
chr8,41712273,41713463,"HO16207_XY,HO24914_PG,HO34368_XX",3,"XX+XY, PG+XX"
chr8,42554148,42555479,"HO16221_XY,HO24935_PG,HO34397_XX",3,"XX+XY, PG+XX"
chr8,48396145,48399214,"HO16237_XY,HO24955_PG,HO34420_XX",3,"XX+XY, PG+XX"
chr8,48648915,48650810,"HO16241_XY,HO24961_PG,HO34429_XX",3,"XX+XY, PG+XX"
chr8,53250417,53252113,"HO16248_XY,HO24974_PG,HO34446_XX",3,"XX+XY, PG+XX"
chr8,53643956,53645651,"HO16250_XY,HO34450_XX",2,XX+XY
chr8,54457566,54460007,"HO16257_XY,HO24986_PG,HO34466_XX",3,"XX+XY, PG+XX"
chr8,60792363,60793308,"HO16275_XY,HO25011_PG,HO34505_XX",3,"XX+XY, PG+XX"
chr8,61077564,61078772,"HO16279_XY,HO25018_PG,HO34515_XX",3,"XX+XY, PG+XX"
chr8,67109139,67110653,"HO16307_XY,HO25050_PG,HO34557_XX",3,"XX+XY, PG+XX"
chr8,68330089,68332533,"HO16311_XY,HO25054_PG,HO34561_XX",3,"XX+XY, PG+XX"
chr8,70220169,70221806,"HO16313_XY,HO23463_PS,HO34574_XX",3,"XX+XY, PS+XY"
chr8,71556009,71557725,"HO16318_XY,HO34580_XX",2,XX+XY
chr8,72074659,72076211,"HO16320_XY,HO25070_PG,HO34586_XX",3,"XX+XY, PG+XX"
chr8,72250807,72252254,"HO16321_XY,HO25071_PG,HO34587_XX",3,"XX+XY, PG+XX"
chr8,73370137,73371916,"HO16325_XY,HO25077_PG,HO34594_XX",3,"XX+XY, PG+XX"
chr8,80767278,80768839,"HO16346_XY,HO25113_PG,HO34635_XX",3,"XX+XY, PG+XX"
chr8,90009673,90010482,"HO16370_XY,HO23542_PS,HO34670_XX",3,"XX+XY, PS+XY"
chr8,98944041,98944705,"HO16415_XY,HO25232_PG,HO34769_XX",3,"XX+XY, PG+XX"
chr8,103140212,103141606,"HO16444_XY,HO25275_PG,HO34825_XX",3,"XX+XY, PG+XX"
chr8,118073753,118075464,"HO16469_XY,HO25320_PG,HO34884_XX",3,"XX+XY, PG+XX"
chr8,123921682,123922809,"HO16499_XY,HO25363_PG,HO34947_XX",3,"XX+XY, PG+XX"
chr8,138913205,138914767,"HO16530_XY,HO25439_PG,HO35060_XX",3,"XX+XY, PG+XX"
chr8,140637274,140637715,"HO16538_XY,HO23798_PS,HO35090_XX",3,"XX+XY, PS+XY"
chr8,141072823,141074601,"HO16540_XY,HO23803_PS,HO35097_XX",3,"XX+XY, PS+XY"
chr8,141116535,141118429,"HO16541_XY,HO25459_PG,HO35099_XX",3,"XX+XY, PG+XX"
chr8,141358099,141360836,"HO16545_XY,HO25469_PG,HO35117_XX",3,"XX+XY, PG+XX"
chr8,141795866,141797224,"HO16548_XY,HO25482_PG,HO35138_XX",3,"XX+XY, PG+XX"
chr8,142475040,142476224,"HO16552_XY,HO25492_PG,HO35150_XX",3,"XX+XY, PG+XX"
chr8,142530151,142531984,"HO16554_XY,HO25494_PG,HO35153_XX",3,"XX+XY, PG+XX"
chr8,142600881,142602509,"HO16555_XY,HO25495_PG,HO35157_XX",3,"XX+XY, PG+XX"
chr8,143158939,143160910,"HO16564_XY,HO25513_PG,HO35185_XX",3,"XX+XY, PG+XX"
chr8,144109320,144110004,"HO16602_XY,HO35257_XX",2,XX+XY
chr8,144522051,144523347,"HO16625_XY,HO25602_PG,HO35294_XX",3,"XX+XY, PG+XX"
chr8,144579658,144582584,"HO16628_XY,HO35298_XX",2,XX+XY
chr9,1042116,1043042,"HO16650_XY,HO25637_PG,HO35341_XX",3,"XX+XY, PG+XX"
chr9,13158226,13159393,"HO16684_XY,HO24005_PS,HO35407_XX",3,"XX+XY, PS+XY"
chr9,14270036,14271929,"HO16686_XY,HO25695_PG,HO35415_XX",3,"XX+XY, PG+XX"
chr9,16308693,16311092,"HO16696_XY,HO25708_PG,HO35434_XX",3,"XX+XY, PG+XX"
chr9,16514957,16516517,"HO16697_XY,HO25709_PG,HO35436_XX",3,"XX+XY, PG+XX"
chr9,16828341,16829412,"HO16700_XY,HO25717_PG,HO35445_XX",3,"XX+XY, PG+XX"
chr9,23849458,23851668,"HO16722_XY,HO25760_PG,HO35496_XX",3,"XX+XY, PG+XX"
chr9,32942542,32943677,"HO16735_XY,HO35520_XX",2,XX+XY
chr9,35113930,35114663,"HO16778_XY,HO24135_PS,HO35596_XX",3,"XX+XY, PS+XY"
chr9,35923265,35924991,"HO16798_XY,HO24164_PS,HO35627_XX",3,"XX+XY, PS+XY"
chr9,38226249,38227925,"HO16822_XY,HO25899_PG,HO35679_XX",3,"XX+XY, PG+XX"
chr9,42851305,42853039,"HO16828_XY,HO24218_PS,HO35693_XX",3,"XX+XY, PS+XY"
chr9,75429294,75430584,"HO16855_XY,HO35750_XX",2,XX+XY
chr9,79256523,79258258,"HO16865_XY,HO25972_PG,HO35778_XX",3,"XX+XY, PG+XX"
chr9,85040383,85041982,"HO16879_XY,HO26000_PG,HO35820_XX",3,"XX+XY, PG+XX"
chr9,87336405,87338925,"HO16887_XY,HO26024_PG,HO35849_XX",3,"XX+XY, PG+XX"
chr9,88312035,88314162,"HO16892_XY,HO26033_PG,HO35866_XX",3,"XX+XY, PG+XX"
chr9,88781403,88782496,"HO16895_XY,HO24337_PS,HO35869_XX",3,"XX+XY, PS+XY"
chr9,93304365,93306479,"HO16928_XY,HO24394_PS,HO35946_XX",3,"XX+XY, PS+XY"
chr9,93954269,93955882,"HO16932_XY,HO26087_PG,HO35960_XX",3,"XX+XY, PG+XX"
chr9,94919876,94921436,"HO16939_XY,HO26096_PG,HO35973_XX",3,"XX+XY, PG+XX"
chr9,95462040,95463674,"HO16943_XY,HO26106_PG,HO35990_XX",3,"XX+XY, PG+XX"
chr9,98706780,98707964,"HO16979_XY,HO26155_PG,HO36051_XX",3,"XX+XY, PG+XX"
chr9,101736607,101738932,"HO16999_XY,HO26188_PG,HO36090_XX",3,"XX+XY, PG+XX"
chr9,112179719,112181502,"HO17045_XY,HO24548_PS,HO36169_XX",3,"XX+XY, PS+XY"
chr9,112354069,112355949,"HO17047_XY,HO36171_XX",2,XX+XY
chr9,114385298,114388360,"HO17071_XY,HO26280_PG,HO36220_XX",3,"XX+XY, PG+XX"
chr9,116836177,116838266,"HO17079_XY,HO26301_PG,HO36252_XX",3,"XX+XY, PG+XX"
chr9,120386065,120387869,"HO17083_XY,HO26309_PG,HO36269_XX",3,"XX+XY, PG+XX"
chr9,121649765,121650601,"HO17102_XY,HO26336_PG,HO36299_XX",3,"XX+XY, PG+XX"
chr9,122228032,122229406,"HO17110_XY,HO26352_PG,HO36324_XX",3,"XX+XY, PG+XX"
chr9,123375425,123376687,"HO17118_XY,HO26368_PG,HO36342_XX",3,"XX+XY, PG+XX"
chr9,124257222,124259961,"HO17121_XY,HO26382_PG,HO36364_XX",3,"XX+XY, PG+XX"
chr9,126625484,126627245,"HO17148_XY,HO26426_PG,HO36423_XX",3,"XX+XY, PG+XX"
chr9,127387850,127389195,"HO17157_XY,HO24722_PS,HO36445_XX",3,"XX+XY, PS+XY"
chr9,127753764,127755738,"HO17168_XY,HO26452_PG,HO36464_XX",3,"XX+XY, PG+XX"
chr9,128242893,128246165,"HO17190_XY,HO26486_PG,HO36504_XX",3,"XX+XY, PG+XX"
chr9,128621654,128622447,"HO17202_XY,HO24781_PS,HO36529_XX",3,"XX+XY, PS+XY"
chr9,128683202,128684666,"HO17205_XY,HO26505_PG,HO36533_XX",3,"XX+XY, PG+XX"
chr9,128921483,128922936,"HO17214_XY,HO26515_PG,HO36543_XX",3,"XX+XY, PG+XX"
chr9,129319987,129321436,"HO17227_XY,HO26531_PG,HO36565_XX",3,"XX+XY, PG+XX"
chr9,129350888,129353855,"HO17229_XY,HO26534_PG,HO36568_XX",3,"XX+XY, PG+XX"
chr9,129596344,129598219,"HO17239_XY,HO26545_PG,HO36581_XX",3,"XX+XY, PG+XX"
chr9,129653593,129655113,"HO17244_XY,HO26551_PG,HO36586_XX",3,"XX+XY, PG+XX"
chr9,130192403,130194516,"HO17256_XY,HO26566_PG,HO36602_XX",3,"XX+XY, PG+XX"
chr9,130823518,130825594,"HO17265_XY,HO26583_PG,HO36623_XX",3,"XX+XY, PG+XX"
chr9,131366449,131367388,"HO17272_XY,HO26597_PG,HO36647_XX",3,"XX+XY, PG+XX"
chr9,133658385,133659886,"HO17309_XY,HO26664_PG,HO36746_XX",3,"XX+XY, PG+XX"
chr9,133708938,133709725,"HO17310_XY,HO26667_PG,HO36749_XX",3,"XX+XY, PG+XX"
chr9,134185482,134186941,"HO17317_XY,HO36778_XX",2,XX+XY
chr9,134437081,134438718,"HO17321_XY,HO26703_PG,HO36799_XX",3,"XX+XY, PG+XX"
chr9,135971672,135972353,"HO17331_XY,HO26729_PG,HO36849_XX",3,"XX+XY, PG+XX"
chr9,137276534,137278812,"HO17380_XY,HO26803_PG,HO36953_XX",3,"XX+XY, PG+XX"
chr9,137441194,137442097,"HO17386_XY,HO26811_PG,HO36963_XX",3,"XX+XY, PG+XX"
chr9,137453345,137455289,"HO17387_XY,HO26812_PG,HO36964_XX",3,"XX+XY, PG+XX"
chrX,281027,281781,"HO17395_XY,HO26824_PG,HO36979_XX",3,"XX+XY, PG+XX"
chrX,1924554,1925652,"HO17403_XY,HO25095_PS,HO36998_XX",3,"XX+XY, PS+XY"
chrX,3344999,3347339,"HO17408_XY,HO26847_PG,HO37014_XX",3,"XX+XY, PG+XX"
chrX,16929511,16931050,"HO17439_XY,HO26894_PG,HO37090_XX",3,"XX+XY, PG+XX"
chrX,28585676,28587572,"HO17468_XY,HO26939_PG,HO37142_XX",3,"XX+XY, PG+XX"
chrX,40169202,40170149,"HO17487_XY,HO26976_PG,HO37198_XX",3,"XX+XY, PG+XX"
chrX,45850242,45851970,"HO17499_XY,HO26999_PG,HO37228_XX",3,"XX+XY, PG+XX"
chrX,49053072,49054211,"HO17542_XY,HO27051_PG,HO37294_XX",3,"XX+XY, PG+XX"
chrX,57285928,57287383,"HO17591_XY,HO27121_PG,HO37377_XX",3,"XX+XY, PG+XX"
chrX,112851046,112852979,"HO17713_XY,HO27290_PG,HO37600_XX",3,"XX+XY, PG+XX"
chrX,123183031,123185958,"HO17738_XY,HO27330_PG,HO37652_XX",3,"XX+XY, PG+XX"
chrX,129983515,129984761,"HO17751_XY,HO27347_PG,HO37678_XX",3,"XX+XY, PG+XX"
chrX,131830236,131831407,"HO17761_XY,HO27370_PG,HO37704_XX",3,"XX+XY, PG+XX"
chrX,132614344,132615684,"HO17765_XY,HO27374_PG,HO37709_XX",3,"XX+XY, PG+XX"
chrX,140712441,140713589,"HO17793_XY,HO27412_PG,HO37760_XX",3,"XX+XY, PG+XX"
chrX,151694257,151696288,"HO17808_XY,HO27435_PG,HO37791_XX",3,"XX+XY, PG+XX"
chrX,155766683,155768771,"HO17845_XY,HO27499_PG,HO37875_XX",3,"XX+XY, PG+XX"
